cache misses;cache references;branch instructions;branch misses;cache miss rate;branch miss rate
10864316;28396538;75383518;2431883;0.3825929766508861;0.032260142064476215
9595713;40474407;337591491;3225070;0.23708100281741;0.009553173246300808
7456940;33160211;244050224;2644449;0.2248761324226797;0.010835675364919969
11712812;74117223;259073888;6238683;0.15803090733715158;0.02408070936118425
16962780;88527876;595666927;7686656;0.19160947677091;0.012904285350729234
5721546;19311337;83355801;1753917;0.29627912350139196;0.02104133100466517
9381270;26099941;95476193;2727596;0.35943644470307423;0.02856833640193425
7019840;40195022;132614894;2040208;0.17464451194976333;0.015384455987273948
5594641;32869094;126099411;1768703;0.170209772134273;0.014026259012423143
5456423;22008029;99351170;1971351;0.24792874455045474;0.01984225248681017
5661277;21217937;66803591;1256935;0.26681561925648095;0.01881538074801997
7610616;44971840;176343549;2571391;0.16923070081188585;0.014581712881371124
7846105;51312941;178901815;2390296;0.15290694407868768;0.013360937674109119
7528310;54279073;211068353;2621881;0.13869636277686614;0.012421952238382227
6952077;46136950;175283896;2291121;0.1506834977171226;0.013070915539211886
4487737;15839679;75121627;1312328;0.28332247137078975;0.01746937669494299
10364945;33595184;91260727;2710004;0.3085247278300366;0.029695183120774394
14071496;64447851;252888543;3872037;0.21833925851150568;0.015311239307507893
16167692;75906935;322967588;5617367;0.21299360855500227;0.017392974430610667
13761434;46143576;134789050;3310566;0.2982307656433043;0.024561090088549477
18582839;51432881;95957232;3610607;0.3613027043925461;0.037627252524332924
15604475;64687553;174672416;3616087;0.24122840138967694;0.02070210673676146
20763998;86017464;236664623;4917481;0.24139281762596487;0.020778268157129676
20038710;84561180;331586262;5101524;0.23697292303631526;0.0153852091737142
10446513;30550340;91783394;2613374;0.3419442467743403;0.02847327698515921
12584357;44198230;111151506;3269504;0.2847253611739656;0.029414842116489183
9762815;57751733;196303157;2790059;0.16904800068943385;0.014213011357733793
27423771;110057505;275548685;6416283;0.24917674628368142;0.023285478571599787
29439890;135772375;458593379;10099277;0.21683269516350437;0.022022291342326597
22559659;96880521;327505898;6132108;0.23286062840227706;0.018723656695794833
7374484;51965726;220540988;2492204;0.14191053541713244;0.011300411876272178
9094029;48224632;228410141;2785185;0.18857643123124299;0.012193788716237428
16055948;76389813;420952645;6702869;0.21018441293998194;0.015923095102538195
6267611;22970957;193342730;3204859;0.2728493636551581;0.0165760512433025
8850057;37486176;125918481;2396205;0.23608855168369267;0.019029811835166596
10929558;60051471;205812400;3521159;0.18200316858183208;0.017108585294180526
4329363;16103552;75257257;1221556;0.26884522122821103;0.01623173696059637
5880221;21585449;69712316;1284496;0.27241596873894075;0.01842566814162364
15464904;74964794;212215232;3806267;0.20629555788547888;0.017935880304765305
19536830;81864433;234690140;5522381;0.2386485715964099;0.02353051985907887
8469654;31651324;110928889;2459789;0.267592407824709;0.02217446710387589
7347022;29353815;99733209;1865715;0.2502918956190192;0.01870705874910733
8031228;47415464;281450528;2552818;0.16937993056442513;0.009070219260700766
10856955;39562158;125296103;2759952;0.2744277751481605;0.022027436878862865
12014027;38063005;85826205;2326689;0.3156352736732163;0.027109307699204457
8185293;46488019;167249874;2181889;0.17607317274586384;0.013045683968646816
10474860;59184036;206383742;2872609;0.17698792965048885;0.01391877563689101
14187472;60648776;340970712;4640450;0.23392841431787512;0.013609526673950812
12364043;34436972;76986582;2301806;0.35903397662256714;0.02989879457176057
13382576;62090573;176826237;3205999;0.21553313737336585;0.018130787910167426
20301933;82763848;226382789;5025654;0.24529952981403186;0.022199806010871258
10721086;66442755;217085889;3154378;0.16135823988635029;0.014530552927832173
9030838;58520738;217742735;3246442;0.1543185938632558;0.014909530735893439
6185357;28668501;143620197;1996608;0.21575446166508672;0.013902000148349608
6491382;23260150;68386207;1515056;0.27907739202025783;0.02215440900238845
17534053;76659570;234179282;5465679;0.22872621122189962;0.023339720547951803
10786449;63136158;193641772;3210962;0.170844241108241;0.016581969720872003
11601184;64136664;231328045;3524017;0.1808822485684631;0.015233851131193367
8688315;33306638;111840406;2437012;0.2608583610270121;0.02179008541868133
18489705;53640413;180464125;4367056;0.3446972900823862;0.024199025706632828
17486296;77644016;370871949;4905779;0.2252111225158678;0.013227689538741578
6159930;34426794;241522105;2952529;0.17892836608602009;0.012224674010687345
5811335;32879400;250780571;2668536;0.17674699051685858;0.010640920025658607
9164242;53242503;273460593;3225076;0.17212267424767766;0.011793567638464092
6889234;27954609;93341987;1898030;0.24644358288109128;0.020334150375436084
11457745;66143420;206280948;3068226;0.17322577211761955;0.014874015413192691
9025925;50722012;187692914;2705471;0.17794887552962213;0.01441434810906074
6136179;25352497;99313913;2360836;0.2420345025580715;0.023771452847699194
8481995;27805533;88530887;1539388;0.3050470206775033;0.01738814612802874
11313265;57142766;176327393;2852608;0.19798245328201297;0.016177906061368468
10913227;52398254;163658324;2827830;0.20827463067757945;0.017278864471323804
14804783;68834927;209851259;3856383;0.21507661364992803;0.018376744644643755
7002852;34276207;152803542;2235016;0.20430650334209965;0.014626729006059297
12820487;49160419;172536539;2897624;0.26078880653966763;0.016794262924214563
13304226;67570766;345084473;3448923;0.19689322450481025;0.009994431131649321
5638293;30309148;244681007;2378946;0.1860261133041417;0.00972264267328277
10406668;68324302;259694281;5035853;0.15231283299462028;0.019391466691559528
7833198;56188391;239340740;2837702;0.1394095445801251;0.01185632667468146
10227162;68349888;326425021;4411651;0.1496295356036282;0.013515051592812796
8221550;53927414;218496229;3341939;0.15245585482737964;0.015295179304902328
6497077;47611311;198563907;2165449;0.13646078764770833;0.010905551933967536
10609690;51833927;200075733;4395779;0.20468620870650991;0.02197057551202374
12448957;48856548;259367032;5975419;0.25480631582894475;0.023038467741729025
17485208;77613492;300205990;4537456;0.22528567584615314;0.015114475230824008
11102846;62856812;208000614;2982996;0.1766371161171839;0.014341284588707993
8134631;55200983;202222436;2329485;0.14736387937149598;0.011519419141009655
7723041;54780675;216127678;2490212;0.14098112153601614;0.011521948614096524
7545425;52443525;217964200;2380388;0.1438771516598093;0.010921004458530345
5790387;36074203;181012031;3465776;0.16051323434643863;0.019146661030503546
6913557;35407082;285033215;3398205;0.19525915747589706;0.011922136863944085
9241457;47958431;234709605;3826952;0.19269723398582408;0.01630505066036816
7249494;54194724;295173117;3862379;0.13376752320022886;0.01308513132650898
4752248;13451797;67607464;1568380;0.35327978856653874;0.023198326149313928
6072192;27902683;97044069;1537892;0.2176203628876836;0.01584735693636259
8493531;58524670;221254606;2747373;0.1451273625293402;0.012417246581524273
8479617;34108176;122249871;2547908;0.24860951227647002;0.02084180522366359
4803875;16346813;55443560;1036142;0.2938722673343116;0.018688229976574374
7379571;44446865;159111954;2135762;0.16603130502005034;0.013423014087301071
7029528;49118757;176961017;2248874;0.14311290491329004;0.012708301738568782
7664839;53366494;203682437;2304105;0.14362642972198997;0.011312241909203002
6910581;48646437;177917556;2060738;0.1420572898278244;0.011582544445473386
7197469;48093858;177967617;2087905;0.1496546398918548;0.01173193772662585
9493469;61880127;314490703;3415683;0.1534170897871622;0.010860998329734408
5898704;35503866;249067667;3136975;0.16614258289505712;0.012594870453417785
8528418;52745647;273096641;4540047;0.16168951344932786;0.01662432384146387
6709651;41191370;223766746;2156127;0.16288972665876372;0.009635600635672648
9373833;57455021;311506914;4339116;0.1631508062628678;0.01392943721306937
5925519;35942234;151040548;1873522;0.16486228986211598;0.012404099593176794
5980025;37351283;157169057;1904563;0.16010226476022257;0.012117925985901919
4781219;17968541;73591995;1556658;0.2660883262586539;0.021152545191905722
5619899;31216401;115622101;1494272;0.18003033085076015;0.012923757543551297
6675589;44791799;188918226;3300388;0.1490359652667668;0.017469929026329094
5260475;28875976;115231181;1609087;0.1821747947151639;0.013963989486491508
5357669;14017992;59961855;1408535;0.38219946194861576;0.02349051742978932
5291093;28612618;108507985;1541168;0.18492166637809934;0.014203268082067877
7576600;51997924;207237090;2681097;0.1457096633319438;0.01293734147685629
3815733;13866225;63023827;1070152;0.2751818176901067;0.016980117694217457
7862712;36008581;222466504;2133462;0.21835661894035757;0.009590036979229916
6561242;39749340;280907057;3633857;0.16506543253296785;0.012936154181416666
8649314;53451644;261481828;4416268;0.16181567773668476;0.01688938781627303
6915207;41000490;224582421;2255157;0.16866156965441145;0.010041556191078731
9544476;60408657;378773159;4639060;0.1579984802509349;0.012247594344455649
8520731;46916324;203072589;3028122;0.18161548632838329;0.014911525060627458
3547647;9438107;74626735;1056139;0.37588543973913413;0.014152287380655203
6989544;33164514;120982354;2032430;0.210753698968723;0.016799392083245462
6563775;42991850;163650299;1894926;0.15267486744580658;0.011579117249275543
9296735;55440654;185935169;2640911;0.16768804711430713;0.0142033968839967
9205240;60671128;219148848;2786216;0.1517235677569733;0.012713806280195458
7732827;56278326;206561163;2574206;0.13740328736856885;0.012462197455772457
6672184;46443778;194405791;2189834;0.1436615255546179;0.011264242637710314
4899143;18259907;86367554;2011421;0.2683005450137287;0.02328908145297249
6749481;24535669;181566390;1941963;0.2750885251997816;0.0106956083667247
5792589;32120975;254068905;2409464;0.18033664918328288;0.00948350605911416
11402292;73565631;262983703;5245765;0.1549948236017985;0.01994711056296899
6260976;33380621;221495403;2260896;0.18756319722152562;0.01020741726183816
7409426;45496277;338306063;3770130;0.1628578531821406;0.011144139618922525
4675964;13903188;40140207;947148;0.3363231512081977;0.02359599191902523
6903044;45265078;154363026;1876255;0.15250264232395666;0.012154821323598568
8662856;58256554;251345806;3410475;0.14870182675068627;0.013568855809752402
7086496;51428085;215441872;2312728;0.1377942810820197;0.010734812033196593
8174466;51859687;198552859;2876647;0.1576265973221165;0.01448806637430489
4602674;18307700;85637977;1512505;0.2514064573922448;0.017661615243433414
5660671;28454119;100653595;1387251;0.19894030105096558;0.013782428734910064
7390961;55206837;214170352;2559927;0.13387763910473624;0.011952760856460656
4098504;13408510;60830741;1182051;0.30566438776568017;0.01943180340347983
6299508;30132775;103007557;1580503;0.20905834261862705;0.01534356357951485
8998402;59255634;248135849;3182904;0.15185732381160583;0.012827263826759671
4916852;17851036;82039266;1583679;0.27543790735730966;0.019303914786365835
5933761;29080396;143072989;1877231;0.2040467743286577;0.013120792492844334
7730737;46903965;317100049;3553361;0.1648205434231413;0.011205804007933156
6506381;40226829;162919338;2158119;0.16174232873289615;0.01324654903765936
6879364;18831049;64141548;1601726;0.36532027504150194;0.02497173906685258
6385364;32537320;127816326;1749906;0.19624738607850922;0.013690786261529688
6706171;49418706;197255142;2416345;0.13570106428929968;0.012249845431152309
4107199;11463130;54592355;1095746;0.3582964687655117;0.020071418424795925
6265182;31666796;119437700;1639845;0.19784704458259686;0.01372971013340009
7860533;58720314;208056960;2490796;0.13386394698093745;0.011971702364583238
4715656;20049086;89029521;1406669;0.23520553505531375;0.015800028846611452
5245503;20267210;67764191;1147216;0.25881722249880473;0.01692953140988579
7466051;47732328;174548694;1998398;0.15641497728751047;0.011448942723111982
6838735;45151975;171001240;1885425;0.15146037354955127;0.011025797239832881
6923526;56580940;222466733;3742730;0.12236498722007799;0.01682377382689393
8231618;57760323;231507526;2424768;0.14251336510012244;0.010473819326288339
10123403;50601483;366990456;4034042;0.20006138950512578;0.01099222591227277
6681840;40518838;228156911;3064478;0.16490699955413332;0.013431449376521406
8004180;59135013;236913122;2839345;0.13535432891508792;0.011984751946327397
6727162;50724325;207271664;2424543;0.13262201123425496;0.011697416584642269
4598149;22988124;99871067;1413905;0.20002280307866793;0.014157303436039189
5432832;14863418;49960421;1112031;0.36551700288587724;0.022258239176967703
6233506;39948780;144616850;1816233;0.1560374559623598;0.012558930719345636
6432146;43420694;169622277;1983256;0.14813549502456133;0.011692190643095776
7530343;53197191;192208197;2335252;0.141555274976831;0.012149596304677891
7800709;58739956;221770540;2503184;0.1328007293706519;0.011287270166722776
5412727;25206900;112015686;1644379;0.2147319583130016;0.014679899384805803
5467609;19218766;64234908;1193005;0.2844932395763599;0.018572533800468742
7208061;49241633;177069997;2073727;0.1463814370250475;0.011711340346382906
7092818;55941076;210649479;2144186;0.1267908754561675;0.01017892856976874
6731922;48517777;199319679;2251380;0.13875165797476666;0.011295322224555659
7642509;39792043;280661795;2563192;0.19206123696639552;0.009132671584317345
9389169;49298662;285599446;2892973;0.19045484439313992;0.010129476931828502
4935171;21233328;105501776;1732171;0.23242569417285883;0.016418406074983988
5769464;29386622;100562343;1622358;0.1963296087587066;0.01613285800232399
7245782;55977467;208194807;2473746;0.12944104812745458;0.011881881376608975
6814009;50010651;208367587;2475068;0.136251155778796;0.011878373386355912
3735795;13428587;71358436;1097756;0.278197177409656;0.015383689182873908
7108647;29052642;108480756;2040800;0.24468160245116433;0.01881255326059859
6978347;46893547;177182098;1997715;0.14881252211524967;0.01127492575463239
7631078;56629067;197532327;2348531;0.13475549579511878;0.01188935014166061
5551110;29469762;121092638;1628524;0.18836629898809498;0.01344857975593859
4862773;20211311;74700246;1259324;0.24059661444030028;0.016858364830552232
6587412;48447832;174947877;2020782;0.13596918021016915;0.011550766060453537
8579455;62570862;221150807;2914147;0.13711581918113896;0.013177193606171195
5496099;43653576;201421003;1933564;0.12590260646687915;0.009599614594313187
8664105;54230805;367181207;4599954;0.1597635329219251;0.012527749003232619
7313495;39950379;162531823;2352983;0.18306447105295295;0.014477060286218533
5629545;30350062;133664656;1803170;0.18548710048763656;0.013490252801009715
6319636;25297708;187702479;1683048;0.24981061525415663;0.008966573105302461
9453983;54240974;333926361;5236223;0.1742959667354056;0.015680771605809222
9333092;58222753;241516745;4648079;0.16029973711480114;0.01924536950843719
7107316;43960105;181645931;2162106;0.16167650191008415;0.011902859525105464
7452839;50627707;209212014;2384251;0.1472087013539839;0.011396338835493453
6674990;42697801;184267684;2107850;0.15633100168320144;0.01143906492035793
6236339;42171898;173141438;1932143;0.1478790212382663;0.011159333215194852
4640549;17538147;79260323;1342752;0.26459745148675057;0.016941036185280246
5395076;24420462;82131529;1299131;0.22092440347770653;0.01581768920921952
7771650;59151512;236991518;2809011;0.13138548343447248;0.011852791288505101
7423932;47276930;220449920;2419041;0.15703075474655398;0.010973199718103776
8422777;47269620;333032105;3744851;0.17818584113855793;0.011244714679985583
4759326;16946670;57843349;1032048;0.2808413688352933;0.01784212044845467
11769516;67109256;355718034;4315678;0.17537843065940115;0.012132300270162856
6086660;33349777;240429618;2514428;0.18250976610728162;0.010458062616894396
9764415;64484177;261575149;4827501;0.15142342593594704;0.018455503202255655
6429950;41978303;169403636;2015286;0.1531731761524519;0.01189635622697024
4444142;15509276;75918108;1260892;0.28654735398351283;0.016608580392967642
4607921;24362297;83342300;1190087;0.18914148366223432;0.01427950752499031
8420924;59735206;239433347;3520796;0.14097087067884223;0.014704701931097342
5151773;22679876;97626953;1447973;0.22715172693184038;0.014831693046898636
5921888;24999334;85991313;1407578;0.23688183053196538;0.016368839489635426
8384824;60572025;206976718;2924225;0.13842733506102858;0.014128279877353163
6461610;32073668;138862847;2515934;0.20146152289161315;0.018118121976859657
6967399;34270028;246709534;2154344;0.2033088213409105;0.008732309469645384
10847196;69806618;310650859;4243140;0.15538922111940734;0.013658870970641675
7198946;54051714;200489413;2229938;0.13318626676667458;0.011122472586619823
8281345;60540962;252904085;3220680;0.13678912138858976;0.012734788368483648
6814019;29380555;149187993;2748744;0.23192274618365785;0.018424699901955246
5576765;28058936;245687488;2461758;0.1987518343532342;0.010019875330403476
7759063;45575933;185544631;2432741;0.1702447429874886;0.013111352168417096
5737882;27319114;132120858;1938989;0.21003177482256563;0.014675873509692164
4424643;21446112;72954031;1100575;0.20631445923624758;0.015085869621104281
7057623;54215292;201390431;2160602;0.13017771812425175;0.010728424331144114
6925931;50443264;204161027;2467176;0.13730140460379409;0.012084461154282888
4899900;16566799;77680640;1343095;0.2957662491106459;0.017289957961211442
5418311;27340754;110690575;1484191;0.19817708758141783;0.013408467703776947
7768323;55765331;232520164;2932924;0.13930380866922498;0.01261363294066832
6423292;31538898;253787790;2076030;0.20366253760673567;0.008180180772290109
6595753;32816977;118975122;1811218;0.200986001848982;0.01522350193513565
8749574;61117038;245865786;2917526;0.1431609627416826;0.011866335887824587
5519724;29671144;95790390;1782242;0.18603003645562166;0.01860564509654883
4473199;24800323;85130182;1313528;0.18036857826408148;0.01542963927881653
7140931;51888856;225102018;3088357;0.13761974247418365;0.013719810366160289
7076806;29871718;145821620;3212118;0.23690656158443918;0.022027721266572133
3914556;27058003;223235806;1994474;0.1446727609572665;0.008934382148354821
8945951;65616909;224811127;4521704;0.13633606240123258;0.02011334608006302
4380593;13837377;70746267;1297099;0.3165768338898333;0.01833452215931054
5119273;29239837;103353722;1383597;0.175078711964092;0.013387007001063784
6594219;51915249;218367836;2447973;0.1270189227061205;0.011210318537937062
5603823;26741744;111126659;1682977;0.20955338589734462;0.0151446737906518
5421486;21763674;71343655;1258390;0.24910711307291222;0.017638429093659414
8341784;59219989;209376309;2831991;0.14086095152770123;0.013525842601418673
7895800;38900383;316354027;3184105;0.20297486531173742;0.010065005431399172
9519184;52010383;249502730;3982573;0.18302468566709074;0.015962041778059904
4679412;32322315;109435732;1490470;0.14477341737434338;0.013619591816683787
7311064;45303206;186182889;2375523;0.16138071994286673;0.012759083354861896
4730208;15686746;75999972;1436830;0.30154169641046014;0.01890566485998179
6669766;33429251;120775617;2566620;0.19951885849910309;0.021251143763562807
6998036;52288568;206601409;2552526;0.13383491397201774;0.0123548334561455
6571246;27765536;133094401;2745116;0.236669157044186;0.02062533043745394
6041139;34433442;258137881;2763691;0.17544394777611835;0.010706258954686314
6230833;37044434;137927530;2066061;0.16819889865235896;0.014979322837144985
6804382;50017462;211341287;2451130;0.13604012934522747;0.011597970442945206
5210046;28131326;169809873;2536117;0.1852044229980485;0.014935038553382582
5735468;23870915;84389733;1355222;0.24027013627253083;0.016059086239791753
7563951;54922207;198892735;2284670;0.1377211771551715;0.011486945463342339
6951545;36628200;298006190;2876466;0.18978669440485746;0.009652369972583456
4992889;30839104;111394195;1384769;0.16190123422522262;0.01243124922263678
7928237;45032599;157386220;2114936;0.1760555059236088;0.013437872769293271
6248080;49183699;186028394;1879525;0.12703558550974378;0.010103430769821084
6978676;56157231;224970605;2501641;0.12427030100540391;0.011119857192009596
5309044;23942353;106007207;1947609;0.2217427835935758;0.018372420660040596
5766584;30884557;108087560;1542046;0.18671415620434512;0.014266637159724949
12036523;64378673;222721991;3645942;0.1869644470615292;0.01636992370457033
6043114;15736613;47978079;1443013;0.3840161793392263;0.030076506397848903
5464656;37888846;148672207;1596232;0.14422862073972906;0.010736586428692754
6694019;44533115;160824813;2128502;0.15031553485535426;0.013234910461235854
7958702;53409437;179318835;2199679;0.14901302928918722;0.012266859752908834
6599157;51377119;213602065;2293443;0.12844544669778;0.010736988895683195
5094287;19491743;92375331;1769590;0.2613561547574273;0.0191565213444269
7206865;42419639;241775138;2377303;0.16989453870647037;0.009832702484074272
7916337;41512866;215696573;3215624;0.19069598808234536;0.014908090357096216
6703476;22923855;108706981;2208009;0.29242359105831023;0.020311565822989784
6554283;36400311;131226061;1695731;0.18006118134540114;0.012922212151136656
5899098;41181219;157122355;1734906;0.14324728949864257;0.01104175150633403
6318185;51268982;186053428;1976379;0.12323601432148584;0.01062264222296404
7219281;54836405;234287834;3254483;0.13165124519012505;0.013890960296299465
5259163;23275183;103321029;1734604;0.22595581740431428;0.016788489398416657
4919435;24810479;79143703;1240353;0.19828053299575554;0.015672162825133416
7835015;60362490;239315464;2342128;0.12979940025668257;0.009786780849230872
7035541;35968572;255509522;3001031;0.19560245538799817;0.011745280475300643
8069480;50782971;250831401;4424174;0.15890129783860027;0.01763803886739045
8961809;62015977;259852584;3388870;0.14450806765488836;0.013041509719988006
5717134;22332510;127398231;2330242;0.2560005122576907;0.018291007510143526
7918410;55823031;260457487;2131292;0.14184844244663103;0.008182878613122762
5990247;28977424;166737293;2661840;0.20672117024618888;0.015964275010749995
6179908;30715433;88375371;1493446;0.2011987915000254;0.0168988936974307
7861256;58204412;210705403;2386657;0.13506288835973465;0.01132698528855475
4656459;19353473;87850426;1362727;0.2406006921858418;0.015511899737401387
5097106;30636948;111391714;1573289;0.1663712064269587;0.014123932054766659
5741465;36319545;159532403;2160592;0.1580819638572014;0.013543279981810341
3316587;10176443;32250112;715731;0.32590827659527005;0.022193132228502027
10986939;66641133;251750079;2711935;0.16486722997341596;0.010772330283955939
10021403;47381810;163396278;2705485;0.21150316967629562;0.016557812901956067
6898272;19776320;45025182;1296385;0.34881474409799196;0.02879244330428248
11371439;56045355;304153152;3703570;0.20289708219351987;0.012176661578703613
7575088;20975883;80606885;1994184;0.3611332118891014;0.024739623668623343
7713838;40747088;154813298;3504767;0.18931016616451218;0.02263866893398266
9166958;45259337;314358254;3404918;0.20254291396270344;0.0108313300404067
11932182;56035724;275349285;4169803;0.21293883880218983;0.015143685591920095
7892892;53104607;222475929;2655078;0.14862913871107267;0.011934225926976577
7650570;28147331;107571430;2128598;0.27180445634436884;0.019787763349432094
8968941;41661580;123177857;2384365;0.21528086548805878;0.019357091104450698
9611259;53418754;184561149;2599662;0.17992293493030556;0.014085640526652768
11843483;65686281;213356769;3438244;0.18030375322968886;0.016114998441882106
10797330;43463659;143639494;3912551;0.24842202079673043;0.027238685482977264
8158972;35964220;120186341;2126811;0.2268635883108267;0.01769594599772365
10523994;67774511;247434640;3283005;0.155279526841588;0.013268170535863532
6592884;24003538;101030541;1976043;0.2746630100945952;0.0195588678476937
6084250;31022718;108755147;1571561;0.19612240294354608;0.014450451710575133
10324907;68765316;271177426;3491596;0.15014701597532104;0.012875688258800717
9984621;47958113;166135043;3098718;0.20819461766562833;0.01865180243761095
12534327;57170174;388481694;4390388;0.2192459130874781;0.011301402531466515
15523649;86366511;384189213;7229624;0.17974153199264933;0.018817873473194052
16624376;99674626;244806105;6107091;0.16678643971034313;0.024946645019330707
6409183;26553526;112169203;1899431;0.24136843445951398;0.01693362303733227
9060732;52075155;210898720;3527062;0.17399337553580013;0.016723961150641408
7775601;58526782;258430866;2995264;0.13285543360302982;0.011590194493253759
13842859;96535979;404434963;4414037;0.14339585244170985;0.010914083607553979
8932777;31514452;114953825;2460747;0.2834501770806613;0.021406395133002316
15188120;60713381;145335498;3433243;0.25016099828141675;0.02362287980050132
11804422;62229765;228636269;3683260;0.18969093005573778;0.016109692552759423
7126203;28170358;107168976;2361698;0.2529681376431212;0.022037142540206785
6042213;27949987;102060292;1423376;0.2161794565414288;0.013946422963398928
9992742;64299725;220058376;2793816;0.15540878285249277;0.012695794864904393
9902116;39910295;245674548;2724808;0.24810931615514242;0.011091128577145077
16616545;85700097;406790997;6121185;0.19389178754371772;0.015047493787085952
13739904;68246992;202010857;3463235;0.20132614782494737;0.017143806285619588
13417414;69803424;238462784;3851892;0.19221713250054898;0.01615301111304647
5376584;20488194;89319642;1539152;0.2624235205894673;0.01723195442274612
6696521;35896543;119092774;1759068;0.18655058232209157;0.01477056869965931
11299421;58522749;205415804;3211668;0.19307741336621081;0.015634960589497777
5561257;18497449;80915904;1623809;0.30064994367601716;0.0200678595891359
6242575;35493556;134023206;1794737;0.17587910887260774;0.013391240618434393
7212443;46458494;194038234;3042646;0.15524487298275316;0.01568065188636998
4182234;10683922;49410139;1268859;0.39145119180016474;0.025680134192700814
7076771;41432176;153909462;1973677;0.17080374924068675;0.012823623540442237
11573451;62950309;218528371;3223364;0.18385058284622557;0.014750322739558609
10492098;36005823;156398879;2716916;0.2914000327113756;0.017371710189815363
11330735;51940269;263453164;3733240;0.21814933226472122;0.014170412468456822
10728796;63879881;280511662;5370596;0.1679526610264036;0.01914571380636574
6767584;32650148;305995140;3076083;0.20727575262445977;0.010052718484352399
9231223;46939414;153997400;2568140;0.19666251052899808;0.01667651531779108
6814183;32673435;130655026;1987386;0.2085542276164107;0.015210941827832938
11018014;45262132;133377524;3344255;0.24342675683063272;0.02507360235597116
11286940;68856116;214342303;2972649;0.16392066029399624;0.013868699544578467
16167814;60739399;147116582;3687334;0.2661833055015905;0.025064027112864817
15017064;55843033;115765552;3336572;0.2689156228315894;0.028821803570720242
12767883;73481787;263135825;3636479;0.173755749843155;0.013819779195782254
8067187;52605519;216761550;2731898;0.153352483795474;0.012603240750031544
7301936;52897011;223216744;2583680;0.13804061632140235;0.01157475892579098
19613731;76721330;234005473;5317540;0.255648996178768;0.02272399842545563
13122545;53949887;162012463;3481718;0.24323581993786197;0.021490433115630123
14250664;63332139;300060799;4005897;0.22501472751457202;0.01335028438686521
14631619;54999202;254095155;4057989;0.26603329626491673;0.015970351736930993
12004903;76114549;288501677;3916833;0.1577215283769204;0.01357646527649127
10033973;52102346;185748461;2904853;0.19258198085744546;0.01563863831959286
16229877;67057820;197465248;4581649;0.24202810350828582;0.023202305450729235
10868060;34764415;70502589;2390686;0.31262024688176115;0.03390919445525611
14196994;71379320;214071947;4211291;0.19889505812047523;0.019672316055498854
9459399;54172671;207590978;2771937;0.1746157024452422;0.01335287798489971
13484489;43166278;100231725;3995833;0.3123847972252785;0.039865950625912104
8394895;50666549;170908200;2364392;0.16568910189640113;0.013834280625505388
8526126;39716583;133106233;2483110;0.21467420800021997;0.018655099344596433
4644016;17987760;63933640;1063989;0.2581764488741233;0.016642083885729016
14644042;92967410;301443567;5369758;0.15751801625967637;0.017813476842250875
16186016;73581480;280286384;5776869;0.2199740478174671;0.020610594483961804
8111414;33101932;104934146;2031644;0.24504352193098577;0.01936113341028191
6491238;39038091;227941049;2426563;0.1662795959976629;0.010645572662956376
11625967;56390380;375930204;4671778;0.2061693324286873;0.012427248330384222
11070472;66109214;440845426;5201702;0.16745732296862584;0.011799378406162709
9076923;42672164;245402550;2689311;0.21271297607498885;0.01095877365577497
14322941;84513850;261016517;5531513;0.1694744825848071;0.02119219528164955
7470193;51976546;188851262;2395737;0.1437223820143801;0.012685840563776586
7331875;27643854;101926565;2148634;0.26522622352151043;0.021080215937817583
19342126;71151218;170130147;4923492;0.2718453252620356;0.028939562369272507
22117147;106072029;293201534;8046267;0.20851064327241256;0.027442786162230653
9232864;24655030;73001015;2161889;0.3744819616930095;0.029614506044881705
11837635;54715085;163001714;3208137;0.2163504817729882;0.019681615127065472
8094851;34561392;141317833;2616432;0.2342165790081603;0.018514521093739102
17232723;57324531;154646318;4204536;0.3006169034335405;0.027188076989973987
10497493;66010886;220090068;3508342;0.15902669447581722;0.015940483057145495
8613123;33725369;99884039;2293891;0.2553900299801019;0.02296554107108144
8649455;49984580;234734826;2843298;0.17304246629660588;0.012112808518664376
18746090;101968023;448846171;8083477;0.183842830805889;0.018009459637341987
9539015;63376086;205839188;2903022;0.15051442274298857;0.014103349455498241
13464409;60502069;308311624;3720141;0.2225446042184111;0.012066171725007683
10145888;41465946;100841871;2478936;0.24468000802393366;0.02458240783731591
11552637;66245464;213473996;3630289;0.17439136663002316;0.01700576682885535
9253954;31160082;112413254;2753080;0.29698105415768805;0.024490706407271155
14558760;55423838;141838902;3708933;0.2626804733371226;0.026148912235657323
11991695;64752404;243853071;4165702;0.18519304704115697;0.017082835918027048
15348958;53426534;129544208;3727187;0.28729091802960677;0.02877154492310455
10396530;44626059;129601782;2629021;0.23296993355384574;0.020285376940264603
7909283;55955530;218816166;2787585;0.14134944303092117;0.012739392390231351
5396573;19669908;84914679;1838795;0.2743567992285475;0.021654618749721705
15582885;60379315;160464792;3683955;0.2580831697080366;0.022958026829960308
12780946;66155736;272023370;4125906;0.19319482742962757;0.015167468883280138
10265818;56527648;330367800;4262270;0.18160702529141137;0.012901590288157624
15871850;72667432;281086821;6299681;0.21841765372966532;0.022411868964856235
14113257;62699546;180527690;3996950;0.2250934480450624;0.022140370820675763
13750681;73066934;214554781;3739572;0.18819293827218753;0.017429450803056214
10766717;57629349;205746095;3356872;0.18682697595629616;0.016315604920715505
12943182;46907597;223077617;3356037;0.27592933400532116;0.015044256995088844
12419472;54542630;271309204;4026932;0.22770211117432365;0.014842592660439195
14628860;71910343;237604125;5926110;0.2034319318988647;0.02494110739870362
16460145;61747186;178467318;4401831;0.26657320059897144;0.024664633554923484
12083318;58325109;176242895;4970907;0.2071718031422796;0.028204864655678744
16139358;81494305;238434627;4760681;0.19804277120959557;0.019966399427378472
13826015;67802715;206587085;4029364;0.20391535943656533;0.01950443320307269
5268900;16392424;79168077;1543276;0.3214228719315703;0.019493665357060524
10871326;56764008;230811275;3240416;0.19151794214390216;0.014039244833251755
18147844;84954691;354624802;7023679;0.2136179154603717;0.019805944086223274
17941194;69924319;190171307;4820237;0.25658017491739893;0.025346815332136303
10189698;39061946;111641157;2464203;0.26085996842041614;0.022072531906848655
9620266;65059279;228402137;3226848;0.14786923783769568;0.014127923855633627
4900206;14536382;73768044;1392709;0.33709942405200966;0.018879570671549866
20900124;94287258;311941979;6991059;0.22166435256819114;0.022411408116379233
10898999;43767590;193995182;4277900;0.24901985693066492;0.022051578579925762
7322361;38861340;258512058;2810098;0.1884227615414188;0.010870278244429125
15490542;79602825;244103068;5548176;0.19459789272554084;0.022728825350118092
19621805;91744101;260571108;5257755;0.21387538584088364;0.020177812652966882
10366787;36029845;119917908;2517504;0.2877277712407589;0.02099356169555593
12805460;54419043;166232778;3412682;0.23531211307776947;0.02052953720114092
7573061;55224951;219940763;2650766;0.1371311492879369;0.012052181523076739
5893220;28446060;233775815;1766502;0.2071717489170732;0.007556393290725989
8903292;62411621;250027479;3027230;0.14265439444362452;0.012107589182227447
5507971;24250986;99076477;1536417;0.22712358994393053;0.015507384260342644
7691239;34319413;105700134;1925423;0.2241075335408563;0.01821589932894503
6895331;50645844;206570570;2657113;0.13614801246080527;0.012862979465080625
11501180;42722065;149339630;4775659;0.26920936523082395;0.03197851099537343
14674464;75898124;274152709;5930376;0.19334422547782604;0.02163165201479005
23675284;93835801;297597014;8070061;0.25230545002754334;0.02711741254231805
9929452;64629225;346977918;5787585;0.15363718194052303;0.01667998077041894
17088294;93695216;283332805;5852755;0.18238171306419743;0.020656820871836568
16664508;82038843;185504118;5690427;0.20312948587049187;0.030675475355215566
17890998;99796272;288437917;5883301;0.17927521380758593;0.020397113740077383
8757268;61052402;232811805;3046041;0.1434385497232361;0.013083705098201528
4677306;19940183;104235894;1497010;0.2345668542761117;0.01436175143276461
7624786;44594487;215143700;2597176;0.170980462226194;0.012071819904556814
8388744;32875698;207277969;3544166;0.2551655024936657;0.017098614083776553
6576580;33153814;119697972;1612252;0.19836571442428916;0.013469334300835105
12950333;70193345;257729397;3965708;0.1844951683097593;0.015387099982234467
7877016;22261393;73791629;2300968;0.35384200800012827;0.031181965097965246
10069062;53958944;170136606;2597875;0.18660598695185732;0.015269347738134613
4966891;19080778;87576131;1468785;0.26030862053947695;0.016771521911603974
9239323;45851112;133446696;2388637;0.20150706486682374;0.017899558937000584
4141396;17201146;89629058;1420242;0.24076279568814776;0.015845776265996234
6066758;26346011;103946714;1317922;0.23027235508252084;0.012678823113157767
7196975;50152082;201653301;2238294;0.14350301548797118;0.011099714157419125
5771448;46037194;203709250;2107526;0.12536489517584412;0.010345755040578667
8977156;29386835;162335903;2144009;0.305482233796188;0.013207238573712187
8646342;58913735;207462649;2706625;0.14676275405047737;0.013046324304863185
10901854;50547170;304198790;3845855;0.21567684204674564;0.01264257165519955
7564756;29500486;99254171;1766851;0.2564281822340147;0.017801277086884337
13197326;75717828;263267487;3917553;0.17429615123138503;0.01488050440501223
9104934;35887558;125577165;2691786;0.2537072597695279;0.02143531429460125
8394457;39521825;124399696;2095014;0.2124005407138967;0.016840989707884817
8541516;51141513;199051261;2999710;0.1670172722500408;0.015070037662308505
8308937;26606902;70377708;2049227;0.3122850228861669;0.02911755807677056
10200051;61813709;199510696;2895124;0.16501276440150195;0.01451112174958279
7234691;23234205;95787053;1905840;0.3113810435949928;0.019896634673581617
9963002;48529340;151806514;2660707;0.20529852662327575;0.017526961985307166
5508300;15910065;77812733;1771452;0.34621480176228064;0.022765580024030257
5980861;38497439;147379812;1663495;0.1553573732528026;0.011287129338989793
8941801;28447534;94143913;2713756;0.3143260501947199;0.02882561297404326
8435775;50456873;182575015;2469036;0.16718782790998563;0.013523405708059233
9058758;38338096;266521860;2790783;0.23628606908386895;0.010471122331203902
13721125;62848955;313588060;4621660;0.21831906353892438;0.014737997358700456
9496086;36357426;137828834;3220552;0.26118697181698175;0.023366315353143013
7192923;33799087;245202261;2736816;0.21281412128084998;0.011161463148172193
13458389;78876485;255203380;5199234;0.17062612513729536;0.02037290415197479
10017121;54176908;186323923;2757613;0.18489650609074995;0.01480010164878291
16242081;53531975;153544184;4933838;0.3034089625873135;0.032133017815901124
9678813;46494349;145815914;2866626;0.20817181460052275;0.01965921223111491
15138737;77662148;292066333;5278337;0.19493070163343923;0.018072391109864756
6974418;36554033;150425818;2051888;0.1907974969547136;0.013640530776438922
8495693;34281067;133192354;2482072;0.24782463743033437;0.01863524388194235
8990150;41467389;140374966;2572032;0.2168004838693847;0.018322583244650616
10072661;57563834;197808095;2921770;0.17498245512972607;0.014770730186749941
9344912;54878890;210470649;2951526;0.17028245287031132;0.01402345654381481
13187278;57621645;309668788;4597555;0.22885979739037302;0.014846685162212731
14029382;69255541;331333809;3962980;0.2025741449337606;0.01196068705442613
5810432;16547433;77559311;1764383;0.3511379680461616;0.022748822510813692
11546283;51198250;169531038;3155721;0.22552104808269813;0.01861441442952765
11858267;70781408;230307863;3494923;0.16753364103748827;0.015175005119126133
6758837;23300969;100321849;1931449;0.2900667779095367;0.019252525937794467
13447238;52187976;144356962;3196914;0.2576692761566381;0.022145894148146453
9972923;53417527;189633900;3272833;0.186697579616518;0.017258691615792323
9115055;27890018;92861654;2606422;0.32682140972443974;0.028067796423268534
9109091;53292541;173457527;2605418;0.17092619021487454;0.015020495478411841
5788848;20094179;96166693;1915860;0.28808581828598223;0.01992228223965235
14687417;72583691;246543274;5307371;0.20235147589835298;0.0215271376659012
8069708;26647605;92558943;2320620;0.3028305170389609;0.025071807485960596
15047101;74031304;238851882;4457295;0.20325322109684843;0.01866133506119914
14077877;70507111;325845786;5385226;0.19966605921493508;0.016526916202009745
10231183;43906667;153946901;3241208;0.2330211719327272;0.021054064608939417
10226549;49494100;157128630;2842755;0.20662157711727255;0.018091897065480683
10909424;63161876;213513576;3067238;0.17272165886903043;0.014365540859097409
13161328;65093936;336425461;4234037;0.20218977079523967;0.012585364340185893
11363574;47192585;133242162;2805618;0.2407915141753731;0.02105653314151417
10765032;67097052;239538509;3404694;0.16043971648709693;0.014213555950621702
9922460;52929041;187275936;3242505;0.18746721672134584;0.01731405042877479
8178611;38815579;143560916;2500765;0.2107043411615733;0.01741953917318276
12948114;66205678;204705593;3974029;0.19557407145652975;0.019413387498406064
14083488;73449470;197011572;4083140;0.19174390230453672;0.02072538155271407
15620354;77314706;271842000;5558153;0.20203600075773423;0.020446262902715548
21143080;83953518;243868116;6916987;0.25184269228598616;0.028363638155961313
17230736;83733315;310560272;5255304;0.2057811278581291;0.016922009908595135
9789594;47589073;255406433;4834938;0.20571096226228236;0.018930368915179203
9083191;33355322;110407063;2065521;0.27231609396545475;0.01870823246154098
12210667;68640927;251676664;3662213;0.1778919302765244;0.014551261693456012
8640026;30370632;120019129;2831515;0.2844862102309889;0.02359219754044374
9211627;51145973;157643462;2617069;0.18010463893217946;0.01660118958818603
7253461;32501150;143764579;2376724;0.22317551840473338;0.0165320555072192
8551919;36812685;117586495;2152906;0.23230902608706755;0.018309126400952763
9936213;56573415;215521724;3055799;0.17563396164081663;0.01417861245393527
8235740;28613908;89849132;2241868;0.2878229705638251;0.02495147087230626
16355124;85739370;277554276;4739317;0.19075395585481908;0.017075280079633867
8351534;25380733;83926217;2494958;0.329050149970058;0.02972799310136903
10500737;57619632;192328112;2820852;0.18224234753876942;0.014666873036220518
8005587;26534563;98792802;2226725;0.30170412077259384;0.022539344516212832
12584738;61680520;273819080;3847676;0.20403099714464146;0.014051891489811447
11886175;64643652;304552524;4711651;0.1838722694689341;0.01547073371160109
7718192;23089849;91445743;3729353;0.3342677554972317;0.04078213897830105
12947724;66407293;201427703;3701898;0.1949744284863411;0.01837829625649854
6444935;21134520;87169171;1976338;0.30494825527147057;0.022672442301877576
10011229;48837956;159279956;2808105;0.20498869772518735;0.017629996080611676
10567422;43615264;144540222;3902487;0.24228724145748606;0.026999315111056077
11112789;51360000;156317275;3141596;0.2163705023364486;0.020097561194052288
9594295;34642874;126718855;2778246;0.2769485868868732;0.021924487875146916
13771870;59089578;164479942;3319647;0.23306766550270505;0.02018268586208524
13057675;45473117;125641580;3124509;0.2871515273518637;0.024868431294799064
11286946;45665570;126642434;2532473;0.24716533703619598;0.0199970335377477
15115522;75186685;236333940;4085376;0.2010398782709997;0.017286454920524746
8786087;27550464;71780048;1921493;0.31890885757858745;0.026769179647246823
9660737;61698904;223374698;2690987;0.1565787457099724;0.012046964244804486
6855947;31835531;223660416;2176862;0.21535519542614195;0.009732888988277658
15707619;82065111;308606759;6177090;0.1914043472140067;0.02001605544874019
13017805;77339875;277898771;5129658;0.1683194471157343;0.018458728628202532
14429705;65516955;224845746;5063622;0.2202438284868398;0.022520426070235727
10711209;41166932;153907195;2890786;0.2601896347291559;0.018782656652276717
10780799;50535555;137381288;2962828;0.2133309706403739;0.021566459618576294
12620925;65027206;228938935;3681503;0.19408684112923444;0.01608072038947853
7698746;56831065;217680579;2322038;0.13546721322220515;0.010667180373495792
6153011;44275412;197379116;2202296;0.1389712872688796;0.011157695123125387
8969014;49883449;194176312;2985220;0.17979939598803604;0.015373759905379189
10628504;28638565;75517214;2420918;0.37112557839402915;0.0320578298876333
6713461;46438308;179412947;2226465;0.14456730421788838;0.012409723139991675
6556727;19148035;101281266;3091785;0.34242296924984733;0.030526721496550013
7684379;45360276;235089875;2946585;0.16940767732542014;0.012533866037403781
13411797;56859568;344812724;5986110;0.23587581601042062;0.017360467243082364
7974849;44852501;220667516;2229418;0.17780165703580275;0.010103063832920475
12872287;58728996;166324199;3069047;0.21918111796087916;0.018452197686519446
10214151;64659526;233812920;3270466;0.15796823193538412;0.013987533280881143
5306221;35274766;153577341;1885339;0.1504254060820701;0.012276153420314784
7085585;34588874;145730625;2142823;0.20485156585322783;0.014703999245182679
5463755;22374183;73698675;1183542;0.24419908427494313;0.01605920323533632
9354398;63110508;214375760;2769400;0.14822251153484614;0.012918438166703176
5470359;16013561;72300684;2507462;0.341607903451331;0.034681027360681675
24824783;109946078;270323643;6934460;0.225790527971357;0.025652436179990367
21904626;90259540;212740392;6313497;0.2426848840576852;0.029677001817313566
12308836;53608724;148359195;3001828;0.22960509188765618;0.020233515017387363
10681762;36056628;101378697;2600768;0.29624961047383574;0.025653989220240224
16500893;71484231;177346654;3857375;0.23083262936688792;0.021750480840760606
11658793;43768155;132512155;2997815;0.2663761586477657;0.02262294353299137
6129502;41356334;202637380;2277772;0.14821192806886607;0.011240630924067416
7699118;38034176;240279222;3840731;0.20242631258792093;0.01598444912560937
6132505;38040190;136810217;1743971;0.16121120846136677;0.01274737397719353
5524182;38581440;161353415;2040544;0.14318236955385802;0.0126464258596572
5786111;22231649;99580546;1625134;0.26026458945982817;0.016319794028845754
13929784;79513383;243977441;3782837;0.17518791773706824;0.015504863828783253
13810560;65123594;199234526;3886591;0.21206692001673003;0.01950761787141251
19977672;78804013;203047126;5865997;0.2535108459514619;0.02888983023576507
12512199;71681469;215725811;3407709;0.17455277039593037;0.015796482508066687
9273590;46014626;200853800;2857206;0.20153570301755794;0.014225302184972354
13118588;68277943;227107960;3262921;0.19213507940624397;0.014367268324720983
5257056;37623393;169440864;2290566;0.13972838653866226;0.013518380076248903
6136310;30954299;141576516;2001121;0.19823773104989392;0.014134554631927797
11547994;62313942;205311362;3150221;0.18531958706769025;0.015343627207538568
12468265;62395292;272415578;3156743;0.19982701579471734;0.011587967997924113
20557759;71774229;292237452;5192631;0.28642256818948203;0.017768533651189924
13104136;54668960;234705955;4603564;0.23969974918125386;0.019614176385085755
6306242;35458382;124042333;1760713;0.17784911900379435;0.01419445246970645
5193912;27277303;127104183;1992717;0.19041149339434327;0.015677823915519758
26384312;98176629;237363537;7172215;0.26874330753401604;0.030216161633958124
27956407;100784579;296472959;7454308;0.2773877440119088;0.025143298144772792
14149832;63762730;190251800;3373950;0.2219138358724603;0.01773412919089333
18743968;56309668;180677093;5702596;0.33287299793705055;0.031562363027392744
24331959;113090259;357062375;10840045;0.21515521509239802;0.03035896739330208
7969836;35059228;148494856;2396677;0.22732491428504928;0.01613979813549905
14345633;63986196;179054771;3640730;0.2241988725193165;0.020333052169830203
11618148;68482610;256723097;5033675;0.16965106908162525;0.019607409924631752
10312943;34646510;121891215;2803086;0.2976618135564015;0.022996620388105904
10257358;64784131;271006269;3420990;0.15833133580197287;0.012623287323290665
30244351;111048363;340592334;8216106;0.2723529657073828;0.024122991564454882
29519808;139493297;392176204;9178018;0.21162169534210665;0.023402791669634295
24507413;89307343;243842673;6629819;0.27441655049574143;0.02718892029206061
43541354;179077635;409039739;12491600;0.24314233321207307;0.030538842095242
25263994;100352123;262421881;6714391;0.25175345817048633;0.02558624675051392
27438286;108271273;216972720;5459337;0.25342166245703973;0.025161398170240018
23991735;121193180;341551410;6719061;0.19796274839887856;0.01967218053645277
11693158;43109275;144154930;3189711;0.2712445987551403;0.02212696437090289
12979789;69746008;218977923;3646418;0.18610081597788364;0.01665198915965606
9245191;35236521;133306497;2760407;0.2623752498153833;0.020707220293996624
12817620;65270020;192825936;3496139;0.19637836789386612;0.01813106199572655
23336512;97727061;288995728;6374745;0.23879273316118654;0.02205826724192961
14114173;65465634;170044337;3518985;0.21559667473777158;0.0206945145135883
9865648;57390909;220479558;3522916;0.17190262659892702;0.015978424630187258
10758174;50187873;261678433;3160003;0.21435803824561364;0.01207590157038276
17929847;101672157;513233782;7512626;0.1763496273615991;0.014637824444689418
8766545;41597426;159179538;2713024;0.21074729479655785;0.017043798682215047
27182228;128224743;274934773;7353966;0.21198894506655397;0.026748038888482106
28154855;124082106;303374282;7232078;0.22690503818495794;0.023838797251772317
27953807;114104728;394200307;7330318;0.24498377490545353;0.018595414234418645
34153040;129458997;272408906;8925015;0.2638135687085541;0.032763301064760345
20964631;106243763;350859140;8064322;0.19732575737175273;0.022984500275523675
6941660;32346915;144729584;2072447;0.21460037224569947;0.014319442803069205
8105012;37189813;145692571;2358310;0.21793634724648925;0.01618689260415344
8182817;54128852;203162923;2707113;0.15117292714798386;0.013324837819940207
6655428;25637083;112670205;1957991;0.25960160912222346;0.01737807257917033
6652947;39628836;146528568;1852854;0.1678814638915965;0.012645001758291939
7933771;31833644;145028024;2415367;0.2492259761402119;0.016654484653255704
9877129;57590706;260872006;3523269;0.1715056071721017;0.013505738135812089
10558733;70940919;313616424;4433416;0.14883840171283938;0.014136428007992337
5199926;14232069;58974122;1226745;0.3653668345761955;0.020801411846368818
7636769;55872988;191213568;2430182;0.1366808769919375;0.012709255025250091
6328439;27628505;127378891;2026768;0.22905470274269274;0.015911333377835735
8070342;48791664;163476977;2316647;0.1654041149324196;0.014171090281416202
5273385;17379604;94709893;1690240;0.3034237719110286;0.017846498886869188
10377180;61133182;353179490;3377934;0.16974709413948058;0.009564354940316608
6794061;30178308;130670221;2099961;0.22513061368450477;0.016070692954594453
6534923;39557654;150222806;1875714;0.16519996357721314;0.012486213311712471
16535440;66893899;184996991;4281566;0.24718905979751607;0.02314397643364913
26441030;104763067;257669670;6909359;0.25238884997515393;0.026814793530026255
27371132;120124233;284791519;6311733;0.22785687214335845;0.02216264382507823
18151916;74876346;313648809;4823524;0.24242523800507038;0.01537874164221679
19858619;107255799;356450673;6336822;0.18515193756563222;0.017777556559698232
11196112;38886020;112905479;2898090;0.2879212632200467;0.0256682848845626
16760803;93906643;283327651;4892545;0.17848367766697826;0.017268152200224186
17267498;63756546;197994280;4667895;0.2708349037603135;0.02357590835452418
13185175;68835716;216048234;3656023;0.1915455488252639;0.016922253574171774
15391415;65983163;213964066;5371134;0.2332627643206495;0.025102972197209975
13164164;71611292;214487649;4100766;0.1838280476771736;0.019118891083560713
18571934;73197793;218789171;5565025;0.25372259516075846;0.025435559605461462
19471282;90472930;250429441;4933325;0.215216662044658;0.019699460975117537
31526528;131736437;315610392;8657809;0.23931517139787226;0.027431951606967365
30272417;130163125;326808612;8342308;0.232572911875003;0.025526585572353277
25178084;102637222;255408708;7342776;0.2453114329224538;0.028749121584374485
18318597;88511521;360999819;5102529;0.20696285402213346;0.014134436449675892
7879809;38723746;268162395;3616795;0.2034877772413857;0.01348733106295534
6541830;31812208;264644796;3029562;0.2056389798532689;0.011447653782695202
9728844;61258955;227778082;3296277;0.15881504997922344;0.014471440671802654
13222185;79578775;336937397;4693093;0.1661521555213686;0.013928679457329576
11767863;54752007;188052412;3726935;0.21493025817300176;0.019818597168538312
14384261;53954971;153712136;4427565;0.26659751146933247;0.028804264355548347
19558878;100887472;341479728;6229252;0.19386825353300557;0.018241937922593168
22739308;83301026;216385472;6529287;0.27297752611114295;0.030174331666776594
9723691;46882845;229682658;3157912;0.2074040301948399;0.013749022357621793
28799451;121304812;342657322;7877946;0.23741392056235988;0.022990741753360227
16151532;85700078;315237386;5186650;0.18846577945938392;0.016453156352463853
14454719;57317893;183748446;3904342;0.25218510736254734;0.021248299427794888
9364130;44698548;269954447;2845766;0.20949517196844963;0.010541652607041513
7756862;39972108;244468934;3720566;0.194056865852559;0.015218972566878375
9979622;51860666;275268599;4518779;0.19243142770283744;0.016415889848736435
8909570;57236737;234659917;3252242;0.15566173871861352;0.013859384429936537
8304935;46958280;243911658;2558723;0.17685773414188083;0.010490367787176455
18928407;102616707;395627620;6947439;0.184457361314469;0.017560551005008196
24331314;85920147;190631805;6061857;0.2831851998577237;0.03179877040979599
10603649;60313148;212060918;2507875;0.17580990798225288;0.011826200808958113
10541300;34842102;147277978;2608625;0.3025448923833585;0.017712254305935676
9818486;55120142;187282450;2455450;0.1781288226724815;0.013110945526396094
9006287;42643290;192844349;2627191;0.21120056637281034;0.013623375606406802
10804372;50795128;170323310;2393869;0.2127048877601017;0.014054852503747139
7310359;28594831;118618128;2009879;0.2556531633287149;0.016944113297758332
10765675;62952236;207816753;2685831;0.17101338544988298;0.012924035051206867
9470715;33692717;131116018;2682794;0.2810908660171277;0.020461222365676175
17267093;84529389;278753405;4065312;0.20427324986342915;0.014583900777821889
17068703;69581497;230801762;5439454;0.24530519945553916;0.02356764503383644
26202388;108395981;319582235;6796816;0.24172840873131635;0.021267815465399697
34870557;152498281;355154184;10619021;0.22866196767162247;0.029899749118540583
28340528;109252065;375469253;7186945;0.25940496410754343;0.01914123444882982
20722577;102777782;305412853;5563902;0.20162506523053786;0.018217641940563647
23458374;110373133;348203166;6979470;0.21253699485000574;0.020044246237554315
22962051;99068574;293593457;7727917;0.23177936325196324;0.02632182978110442
31290368;123683224;267990051;7816036;0.25298797191767897;0.029165396143754605
21105213;87154643;229926095;5649030;0.24215821754900654;0.024568894626771268
16641914;74464925;223902865;4125896;0.22348661467126973;0.018427169299508515
11378619;63390308;229617114;3655440;0.17950092622992145;0.01591971929409408
10909357;45056961;162063423;3277354;0.2421236754072251;0.020222663074319983
23108667;104211794;281026743;6332469;0.22174713737295415;0.022533332352643747
29832393;140813896;360067130;8355785;0.2118568823633713;0.023206186579708066
34893785;129842518;505502034;12928815;0.26873928153488214;0.025576187889285524
29605213;130324733;312982528;7486760;0.22716496184956697;0.023920696301615918
18794821;74990564;392875320;6311045;0.2506291458215996;0.016063734927406485
8563289;55290736;230837915;2559559;0.15487746446348624;0.011088122157055525
22882355;91438993;335430711;8255503;0.25024723314702296;0.024611649229697396
8514437;43784346;172025884;2253406;0.19446303937028087;0.01309922639316302
17766109;76003481;220211807;4920598;0.23375388556216262;0.022344841845832544
26482481;98271111;218598768;6042774;0.26948388728402595;0.027643220752277983
24867100;99387113;269976213;6199290;0.2502044706741809;0.022962356316924854
20629178;77513982;190854844;4728498;0.2661349277605168;0.02477536278827694
18732605;77605621;253824908;5245999;0.24138206432237685;0.020667786472712914
11931737;54014745;176332744;3102583;0.22089777522785675;0.017595047463221013
17113004;91081360;314774372;4864011;0.18788700563979283;0.015452372977810278
15121534;54687938;142273071;3686867;0.27650583571097526;0.025914018542553284
13420799;77913974;241615187;3523814;0.17225150138022738;0.014584406070467747
10354988;31759317;121479664;2485878;0.3260456766120002;0.02046332627327649
11542547;58714595;288075689;3799802;0.19658735617609216;0.013190290417043834
14298254;71659530;322479676;5589154;0.19953039044492757;0.01733180233038934
11814416;61590754;244969992;4049359;0.19182125940526723;0.016530020542271154
12270404;61261755;220844175;3886283;0.20029468630142902;0.017597398708840747
11395904;38927568;113068413;2647802;0.29274636422188;0.023417698451290724
11362966;68892634;249873860;3212914;0.16493731390789906;0.01285814370498779
9958630;60333370;234911772;3789508;0.16506006543310942;0.01613162238629744
8510142;28243547;80473935;1922978;0.30131279190959975;0.023895662614236524
11853773;68996545;259239850;4392672;0.17180241416436143;0.01694443196136705
8972382;37687833;159900425;3231070;0.23807105067569154;0.020206763052693574
19440511;90913550;242589437;4598532;0.21383513238675642;0.01895602733931074
16424998;81475386;247690833;4569882;0.20159460183471853;0.018449944007415082
10447233;41295702;119117625;2361304;0.2529859644957725;0.019823296510487007
18571353;88604879;262279823;5062458;0.20959740828718923;0.019301744000338142
19508730;69760213;176965703;5094757;0.2796541059873197;0.02878951635052132
47525094;206167883;434602587;12706008;0.23051647671039044;0.029235923531214507
30933179;120782651;387100020;7462655;0.25610614391962633;0.019278363767586477
48391576;201390696;574467329;11516134;0.24028704881182794;0.020046630014707068
29653065;99118451;327440770;6550366;0.29916796217890856;0.02000473551292956
48800789;185164111;627305021;12064227;0.26355425323215037;0.019231835544322864
10541060;42214777;150536930;3281560;0.24970071498897176;0.02179903628963338
9284178;52270750;214769376;3035868;0.17761708029825476;0.014135478980019945
3553836;19699606;103930156;1234891;0.18040137452495242;0.011881931554110244
12937513;57067508;163870394;3226178;0.22670541352532864;0.01968737562198087
4859554;21365687;104269035;1548840;0.22744665313125667;0.014854266177873422
11922481;52882427;172048665;3199356;0.22545260640174475;0.01859564559829627
7638965;23840801;95154298;2229492;0.3204156185859695;0.023430281625323957
10064614;58130878;209091270;2957137;0.17313714064322236;0.014142804718724028
9184775;44033486;181320875;3041097;0.20858614282775614;0.016771907812600177
15113565;60230754;278583671;3926430;0.2509277071311443;0.014094257520211944
11776811;70325486;271542925;3874004;0.16746149468487143;0.014266635744606493
13161872;53835011;173912274;3861186;0.24448535916524658;0.02220191773238501
6735845;31519440;103237496;1633093;0.21370446302345472;0.015818797077371965
10026212;59264967;238233114;3385727;0.16917603278172752;0.014211823634224081
5920328;14670926;49984977;1328001;0.4035415351423625;0.026568002622067828
12038481;69448521;228679530;3407284;0.17334395069406877;0.014899820722912977
7821463;26444677;108810751;2665249;0.29576700823383095;0.024494353503726852
12602955;63152699;303610897;3722825;0.19956320473334005;0.012261829324261704
5824396;18874465;82122860;1931255;0.30858601819972115;0.023516655411172968
9221669;57078054;199620750;2610552;0.1615624281794891;0.013077558319964232
7664664;36439620;148887079;2251089;0.21033874667189176;0.015119438269052212
14053300;62878639;190183414;5384101;0.22349879424075958;0.028310044954813988
9405051;52783003;209694087;3033932;0.17818332541632767;0.014468371728574302
12784626;48350533;250492205;3048219;0.26441540985701234;0.012168917591667173
21277725;110930394;534204986;8858295;0.1918114975774809;0.016582202023850072
17952763;93328697;352795142;8308292;0.1923605876550489;0.023549904777316916
34289917;141360783;382334699;9924838;0.2425702254351548;0.025958507103745768
30908201;138827764;411141056;9621379;0.22263702957860793;0.023401649773453905
22253306;83944966;257774280;7615020;0.26509399026976793;0.029541426708669306
20381055;86907190;239209183;4837758;0.23451517647734324;0.02022396439521304
22707069;84116132;236044146;6392104;0.2699490390261882;0.027080120851630866
13403550;52846915;157223158;3643552;0.25362975303288754;0.023174397756340705
23426147;113260475;312659849;7187438;0.20683426411552663;0.02298804282989339
27697331;93384845;288660497;7537414;0.2965934247682266;0.02611169203384279
7772589;48058505;197190997;2940903;0.1617318100094874;0.014913982102337055
15087288;45015224;96901388;3646124;0.33515967842345956;0.037627159685266844
14286453;77485845;255086326;3751916;0.1843750042346444;0.014708416789067714
17086830;69838932;359132370;5593376;0.24466052831392096;0.015574691860831148
15739380;73820207;203202515;4039973;0.2132123525473181;0.019881510816930587
7490798;36681870;156785800;2441507;0.20420981809269811;0.015572245700822395
10649440;44652943;131490683;3389783;0.23849357476840888;0.02577964402238294
10882883;66468731;226689146;3024692;0.1637293632098979;0.013342906148669332
9749662;28239081;90555699;2352677;0.3452542241016979;0.025980441054295214
8460494;53075579;207208272;2582912;0.15940464822814274;0.012465293856608196
25400978;82439110;205922246;7259966;0.30811805222060257;0.035255860602841325
16598503;73205894;204834045;3744219;0.22673724877944937;0.018279280673288465
11551152;45541838;141960161;3314335;0.25363824797760687;0.023346937455220273
23517500;99154527;269305987;6155430;0.23718029535857701;0.02285664001966655
9648358;50985268;387199861;2788434;0.18923815404873423;0.007201536676171482
10309932;63918570;386898278;2983583;0.16129791389262932;0.007711543756211807
11398791;62453193;588266171;4073417;0.18251734543020082;0.006924445431012214
12394004;76390544;515182280;4953822;0.16224526428297198;0.009615668458162032
8047866;47554772;389993465;2517560;0.1692336155034031;0.00645539022044895
13638314;44052429;197526295;3933369;0.3095927809111275;0.019913141184569882
8051832;55677426;248466019;2724579;0.14461573708525965;0.010965600088759018
5009554;19320464;117381529;1642456;0.2592874581065962;0.013992457024477847
25604517;99838254;277398077;6882748;0.25645998376534107;0.024811808626921377
14753416;75765827;253731026;4701159;0.19472388257571582;0.01852812040416374
7845059;37519955;132415426;2052856;0.20909030941001927;0.015503148402060045
7203074;49075441;229458837;2589541;0.14677553279653666;0.011285427198430367
26006522;77840472;190844011;6381485;0.3341002608514501;0.033438225106262306
8795655;58886660;219135637;2569946;0.1493658326011358;0.011727649756940264
5740301;26694113;129992953;1902892;0.2150399603088516;0.014638424284430249
29600224;112680045;277340965;7361826;0.2626926888429979;0.026544315225844838
20726354;82362220;299794307;6420862;0.2516488020842566;0.021417558139287814
34726031;154891224;289497895;7057279;0.22419624626376508;0.024377652210562706
26440634;112196324;378550588;5615742;0.2356639955512268;0.014834852138705435
11107575;79000559;387421222;4345660;0.1406012203027576;0.011216886822993915
7301200;36584430;265702307;3557377;0.19957123836561072;0.01338858153008058
12551322;77483068;363312311;4031076;0.1619879326409739;0.011095346559836228
7218400;48498212;311339742;3141890;0.14883847676693732;0.010091516039092753
19619974;69331356;209378883;4793730;0.28298846484410317;0.022895002262477444
20632215;106512238;312189600;8423015;0.1937074592311167;0.026980447138533762
7351734;41976686;230714639;6195192;0.1751385042640098;0.026852184269070156
10870752;73547434;294565592;5260681;0.14780599959476493;0.01785911573813414
7596460;45506083;218934043;4894321;0.16693284719759335;0.02235523052027135
15621582;81177894;297400646;5514978;0.19243640393036066;0.01854393416482357
31051586;128050588;344547837;9615792;0.24249467718180256;0.027908438153973956
43950736;188762800;516452091;13028609;0.23283579179796018;0.02522713960703085
40132726;172198429;515463286;10742267;0.23306092995772917;0.020840023512363207
35703699;143748926;464215328;11671288;0.2483754139491797;0.02514197032287568
48519461;198831002;510104100;12245809;0.24402362062230115;0.02400649004781573
19860984;76715919;300880541;6499851;0.25888999648169503;0.0216027629383982
10825290;53876166;338034254;3966250;0.20092910842987602;0.011733278367700571
14140775;87259103;300086207;5574369;0.16205501218594925;0.018575892093567633
4259041;12107837;69047955;1323238;0.35175903012239096;0.019164043308741004
7819267;52760645;211399257;2200630;0.14820264232933467;0.010409828450816174
5924989;28125750;142298214;1862830;0.21066065793801053;0.013091028675876424
6493925;35886276;144137831;1731774;0.18095845330956045;0.012014708338437534
8619221;56399776;255097138;3045436;0.15282367433516048;0.011938338563406384
6496110;24000572;80956518;1413714;0.27066479915562014;0.017462633459606056
18259418;102735687;301526488;4643764;0.17773198907989976;0.015400849294540253
16888247;75622008;307515473;4697514;0.22332449833916074;0.015275699639347903
11068683;66740126;289725305;4153309;0.16584749929899742;0.01433533394675346
7008549;29681423;231462610;3462410;0.23612577469752713;0.01495883071568233
10727390;65812335;240281555;3205795;0.1629996869127953;0.013341827257610349
10144913;36862535;142369666;3285663;0.2752093148233023;0.02307839227493868
11100389;64690524;363600502;3547720;0.17159219486303742;0.009757192249421042
4218444;11429727;77619598;1429799;0.36907653174918353;0.01842059269618995
7562752;56378490;210576312;2335984;0.1341425071866948;0.011093289543412651
5584863;23678988;120902712;1671170;0.2358573347813682;0.013822436009541292
9259609;50170577;216944714;3270954;0.18456253752074647;0.015077362060086884
7782153;60305792;228806939;2379085;0.1290448685260613;0.01039778343435642
4508764;15162532;90784710;1360572;0.2973622083699477;0.014986796785493944
7521774;47314852;188775110;2016312;0.15897278934741252;0.010681026751884821
5951222;24057011;127697519;1761556;0.24737994258721502;0.013794755088389775
8908603;51165155;209391956;2493028;0.17411464892464412;0.011906035206051564
9098716;49976037;323584047;3831927;0.1820615748303532;0.01184213818798057
8338794;44167010;161750781;2222637;0.18880141535503536;0.013741120668839306
9881978;67566476;262361387;2932331;0.14625563718906992;0.0111766866059448
9003488;57722120;255976411;3078576;0.15597985659570368;0.012026795703452534
7624829;42017602;201324673;2467320;0.18146749545583302;0.012255427828262262
11760470;59952334;352730331;4088043;0.1961636722933923;0.011589712141879854
6615898;30202847;158584110;2486933;0.21904882013275107;0.015682107116532673
6700773;40746399;158358193;1897088;0.16445067943304634;0.011979727502952751
14487579;57859775;172024158;3956900;0.2503912087456268;0.02300200184674062
19662833;95750096;287782714;5534669;0.20535575233261386;0.019232110654151383
21919286;81690829;211871826;6240173;0.26832003381921854;0.02945258516816672
15684080;69725286;183260319;4219123;0.2249410637053536;0.023022567149411106
15229789;92104930;331741463;4696834;0.1653525929610934;0.014158115652851027
15597348;69791536;335270545;4660386;0.2234848076706608;0.013900374099371003
32969179;139097263;403446100;8843366;0.2370224854819753;0.021919572403847752
26464356;117592789;374441817;8396327;0.22505084048988752;0.022423582566901176
12878338;46676319;119509718;3133950;0.27590731822704356;0.026223390469384256
13476839;85243236;339396911;4112066;0.15809863201345384;0.01211580266857526
10799798;41115462;164381054;3280661;0.2626699901852009;0.01995765886742641
8965281;52387402;191804037;2521595;0.17113429293554203;0.013146725373668752
6706156;19169736;136061713;1640764;0.34983037846739257;0.012058969153210647
10951644;60760317;355448601;3441159;0.18024336508975092;0.00968117187778719
7310185;33512734;143290340;2355961;0.21813156157298297;0.016441869005265813
8404780;45133456;177961323;3998958;0.1862206164757248;0.022470938811800133
7444248;43618421;195198697;2580665;0.17066752599778887;0.013220708127985096
16386904;72455644;201379133;4059438;0.2261646311500592;0.020158185903005155
19270241;108486528;333185808;5111344;0.17762796316976795;0.01534082147940707
10976288;62833689;438810397;5384062;0.1746879448698293;0.01226967737503266
6600827;30891884;119521576;1585780;0.21367511932907685;0.013267730003827928
7542292;50137466;234165607;2742679;0.15043225359654194;0.011712561187518882
5626616;19524617;74283458;1247546;0.28818060810104495;0.016794398559097774
8022201;61992132;239623142;2430389;0.12940676084506983;0.01014254708336977
4995009;16376361;100022455;1785485;0.3050133665226359;0.017850841593520177
12935109;72810108;253049853;3458981;0.1776554019120532;0.013669168185606494
20745865;94337592;270228044;5568349;0.21991090253819495;0.02060611074104507
31355227;115087502;269783456;7640863;0.27244684657418317;0.028322207422533722
26546695;122641124;313436763;6528583;0.21645834720171026;0.020829027640258013
20324107;81483963;337472359;5348198;0.24942462604574106;0.015847810516534777
17877000;85765138;319427276;5455032;0.20844133661861536;0.017077539740219305
11692212;56506672;264242761;4899017;0.2069173707487144;0.018539834285185963
19895904;98735933;319639030;5521818;0.20150621354841505;0.017275168179555545
24969734;109983761;301849720;5980630;0.2270310977999743;0.01981326999408845
14956890;66784340;356702840;5787539;0.22395804166066477;0.016225099301143776
11922385;70403935;253813302;3304085;0.16934259427402745;0.013017777137622203
14654428;63156083;218980484;4176182;0.23203509945352374;0.01907102369907996
14464938;69782310;199711425;3441794;0.20728660315200229;0.017233836271510254
14060127;66071703;236905038;4098955;0.21280103829017394;0.017302101443701673
26845501;120963907;320244717;7243222;0.22192984391616916;0.02261777202088864
16167393;67607540;228286777;4433548;0.239135945487737;0.019420958402684884
13527434;61242412;188821823;3635842;0.22088342960757326;0.019255412018768615
7725841;47669100;215558282;2783495;0.1620723067983243;0.012912957805072876
9720500;44494014;278635350;2735479;0.21846758982005984;0.009817415485867101
7469694;41608290;269631415;3803326;0.17952417655231687;0.014105648631484577
9372504;51755017;294895859;4713840;0.18109363194683137;0.01598476159002287
8113861;50319298;225298756;2700787;0.16124749991544;0.011987580614959099
7164098;55744287;239672238;2439928;0.12851716984020264;0.010180269606361335
9560979;59386112;372286331;4671763;0.16099688425468905;0.012548843755426519
19373987;76696395;211311026;4550530;0.2526062274504558;0.02153474944558738
31490325;126180413;330498701;8166107;0.24956587358768592;0.02470843902046078
8813117;38784171;139820791;2184733;0.22723489435935088;0.015625237022153595
9468831;65348995;266827292;3319604;0.1448963522698398;0.012441021213077408
5393348;15723480;84831923;1477958;0.34301236113125083;0.01742219140782651
8724469;63009326;250797900;2603729;0.13846313798055862;0.010381781506144988
6482914;27042223;131472104;1924574;0.23973302786534967;0.01463864912361941
10055331;60574180;320436572;3264658;0.16600028262867117;0.010188156675199983
10523388;49059805;195926894;4019200;0.21450121948099876;0.020513773877311604
16593919;76847865;330412498;5424971;0.21593207566664344;0.016418782681761633
40971554;171147064;386513139;9997189;0.2393938466861459;0.025865068975054948
7267075;34446904;253575850;1930484;0.2109645325455083;0.007613043592282151
10375913;71267850;275738626;2909471;0.14559037490256826;0.010551553992294137
5944016;25956333;136362339;2198776;0.22900060651864806;0.01612451074192853
11568384;61241333;228802340;3013017;0.18889830500586915;0.013168645915072372
5831989;21442420;117074062;1926882;0.2719837126592987;0.01645865845160476
9244420;61825283;235451433;2780503;0.14952491200080717;0.011809242205801313
12873931;60598746;193707011;3419172;0.21244550176005292;0.01765125579269818
17493198;84214091;245135229;4020107;0.20772293320841045;0.016399548185707734
16213679;80804669;269029450;4615726;0.20065274940981442;0.017156954378042998
26994586;109276742;252355717;6452088;0.2470295646259293;0.025567433449506516
22485095;99451807;302051124;6622489;0.22609036153561293;0.02192505994448807
21378260;95582268;369827442;5965975;0.223663451886285;0.016131780183040068
7922768;43425809;269707640;3203046;0.1824437628784302;0.011875992834314964
14740679;76187985;293271085;5621490;0.1934777379924144;0.019168238150719837
9072407;60356261;266865153;3143200;0.15031426482830007;0.011778233181310114
8614969;59870255;232194589;2589472;0.1438939753972987;0.011152163412386841
8554656;54214136;361054784;4119902;0.15779382705647102;0.011410739263324648
11206240;53981014;213099570;3256707;0.20759595216199533;0.015282560166592546
18634516;102995846;332167906;5390839;0.18092492778786437;0.016229259066347007
16643222;99929241;301389462;4349615;0.16655006916343937;0.014431874860973075
6313717;42156703;194973036;2504584;0.14976780798061937;0.012845796790075116
11033696;49929797;171025806;2695976;0.22098419506892847;0.01576356260528309
25874034;117729147;343848745;6679268;0.21977594044744078;0.019425017822880232
27546774;113640788;424599604;9648600;0.24240217341681933;0.022723996699723723
26901753;113345711;329631127;7606792;0.23734248753356005;0.023076679891338055
27004122;123652629;329627150;8493092;0.2183869620758326;0.02576575382215937
27052069;114903276;320498417;7126372;0.23543340052375877;0.022235279870352682
26355417;104197335;243048526;6420710;0.2529375343428889;0.02641739946203171
27281288;105448744;275227277;7854751;0.2587161019196208;0.0285391443959241
28994267;123693862;341147007;8515351;0.23440344194281848;0.02496094301070623
23986333;95459876;427477710;8520598;0.2512713613832895;0.019932262666982097
29328138;117556843;282128066;7158320;0.24948048324162636;0.025372590899907135
27132099;104595538;270027941;7381514;0.2594001572036467;0.02733611185814286
12622417;56965501;182098989;3071899;0.22158002261754883;0.01686939074659003
5455662;21924509;118054903;1754573;0.24883850306522257;0.014862347563827993
8404993;61422031;245372410;2528917;0.1368400370870185;0.010306443988547857
12608647;44537464;148658652;3161079;0.28310204191239985;0.02126400957813071
24027887;116999827;338125216;6421940;0.20536685921766362;0.018992786388342005
21965581;89752343;262665269;6749768;0.24473546055505202;0.02569722303103575
23811138;107341436;290948517;6116552;0.22182615481313292;0.0210227983392677
20148216;76007340;205021937;5311405;0.265082503873968;0.02590652043249401
19598492;89133511;232656829;4653177;0.21987793120816254;0.020000173732274154
17920254;71290145;201094636;4409006;0.2513707048849459;0.02192503036232155
19160492;93369453;304769096;5381020;0.2052115695697607;0.01765605525830611
20298175;90502845;432882896;7042524;0.22428217588076926;0.01626888949661804
29351164;134590350;315806400;8013825;0.21807777452098162;0.02537575235967352
25712998;120323936;334594730;6579011;0.21369811240217407;0.019662625887741866
11673628;38133287;95846515;2436912;0.30612698034659325;0.025425149782441227
11045230;76379831;283479683;3345224;0.14460924900449176;0.011800577609648307
7101500;27491164;141229048;2209461;0.2583193639963735;0.01564452236483248
8244272;54474333;221047784;2426506;0.15134232116251886;0.010977291679160195
5259540;17813241;98676926;1647794;0.29526013823088115;0.016698878519989566
21829172;102610524;328237651;6510020;0.21273813980328177;0.019833251853243368
9741234;50751469;247859138;5502652;0.1919399416793236;0.022200722734701032
7296390;42224895;327548761;3425862;0.17279829825509335;0.010459090089490523
11118538;75377170;264099690;3704653;0.14750537861795554;0.014027479547590533
5706284;25984742;161018740;1714751;0.2196013337365443;0.010649387766914584
10049484;65607998;221113872;2748378;0.1531746784896561;0.012429695048712277
9486706;50041181;278352609;4303918;0.18957797978429006;0.015462107631978401
15496237;77994317;232036572;3837190;0.19868418105385807;0.016537005209678757
15245705;71473776;233777133;4614415;0.21330487702230816;0.019738521645741972
6952191;41775447;170309602;2146029;0.16641811157640038;0.012600751659322179
5201022;25041010;126166712;1680507;0.20770016864335744;0.013319733655260827
7838531;46560109;188702443;2171335;0.16835293491258793;0.01150666078022106
6438523;28011491;137487093;2168867;0.22985292000343716;0.015775058972262945
8214575;55470143;219948430;2364898;0.14809002745855548;0.010752056743483007
6490286;32141631;157988131;2525034;0.2019277117580001;0.01598242845217278
9745445;57840654;261909537;3011771;0.16848780790065063;0.01149927961577054
9131178;44296968;195166748;3498336;0.2061355079652404;0.017924856748650648
9055095;49725009;191181635;2407873;0.18210343612004173;0.012594687769042252
7850322;38270537;177714220;2453773;0.20512704067883866;0.01380740944646973
7562236;48416309;260666932;2644686;0.15619191458811946;0.010145843892465808
7526598;38722263;239147116;3411815;0.1943739186937499;0.014266594793474323
7919978;50216433;198735656;2385756;0.15771685734827084;0.012004670163465785
5778739;25359554;125781793;1828703;0.2278722646305215;0.014538694006373403
7372886;39790077;161403017;2191246;0.18529458990491524;0.013576239408213788
6207892;27734250;133846135;1927166;0.22383486122754356;0.014398368694023177
19575698;83704069;236317379;4441230;0.23386793777014592;0.018793497197681766
18989864;80194112;239313607;4971417;0.23679873155774828;0.02077364953176273
26158428;113281825;271456544;6440661;0.2309146061162062;0.02372630589447127
17267055;70667022;205303085;4264629;0.24434388928968875;0.020772357122641385
16466749;74211054;217702744;4152468;0.2218907846262364;0.019074026921773665
10204269;41678417;155542451;2872563;0.24483341101942524;0.018468032241564715
20376808;97021064;303868396;5835498;0.21002457775560984;0.019204030681756058
18541795;81290045;377904421;4790338;0.22809428879022026;0.012676057049885638
24393028;127271998;346355168;7948387;0.19166060392954623;0.022948660029810785
10616634;44688207;233316615;3857748;0.23757126796338013;0.016534390403358114
9011826;67094526;265191906;2740916;0.13431536873812924;0.010335594480775744
7633343;33348673;148016704;2480087;0.22889495483073644;0.0167554534926004
7297583;50006884;199665152;2240952;0.14593156814169825;0.011223550917888766
5182895;15933722;101342299;1812297;0.3252783624566815;0.017882927641102754
7315678;52910870;212210486;2243708;0.1382641789862839;0.010573030778507336
4252969;16686011;105712827;1770134;0.2548823083000485;0.016744741865620527
7321779;50298897;195157051;2092487;0.14556539878001698;0.010722067121213059
5921072;20144839;111861971;2258073;0.29392500977545666;0.020186243634130137
13082036;78149924;260693896;3591221;0.16739665671331938;0.013775623653267278
9100758;32473746;117997202;2763686;0.2802497131067047;0.02342162316696289
11598946;75032197;281208212;4228829;0.15458625048657446;0.015038070794319477
5757563;17557506;95770060;1775051;0.3279260163715735;0.01853450859276897
9587905;69424259;249836859;2970627;0.1381059753190884;0.011890267160299194
11352726;47450638;296506930;3864991;0.23925339001764317;0.013035078134598742
8718911;62243356;243905676;2837559;0.1400777779398656;0.01163383750036223
8206172;52271739;265728326;3053234;0.15699060633892437;0.011490058459179846
9015829;56876656;233440040;3119609;0.15851545491704014;0.013363641472988096
8951196;41902820;175814401;3037660;0.21361798561528794;0.017277651789172833
13963279;69704960;213657248;3596495;0.20031973334465725;0.01683301190886817
16263803;94643550;347867853;4901220;0.1718426982081716;0.014089315691956164
24436956;65175551;129784487;6252228;0.37494053560053525;0.04817392389893255
7997676;78304697;359652380;2723258;0.10213532912336025;0.007571917082823142
15104925;78234556;259743724;4678582;0.19307229148204025;0.018012300462743807
32102190;115023647;283722642;8680096;0.279092089646575;0.03059359640391337
20110892;103483855;355430875;5518455;0.19433845018626336;0.01552609913249658
12349573;54407685;248926412;3973986;0.22698214415849527;0.01596450118760399
17033133;104561936;364941275;6083094;0.162899939037089;0.01666869279173752
5511307;16909104;64972017;1247781;0.32593725841416554;0.019204898625819172
9335271;65165601;266503140;2740477;0.14325458304297692;0.010283094600686505
6307258;28147400;166700262;2211201;0.2240795952734533;0.013264532241706975
9258198;59103602;317277913;3127316;0.1566435494066842;0.009856708809100116
7087634;45041002;206282634;2600418;0.15735959870519756;0.012606092667984839
7811514;38937729;192241280;2413897;0.20061555207803722;0.012556600746728278
8940283;59329331;209255401;2688985;0.15068909170743894;0.012850253743271362
6826928;30650977;132941977;2039767;0.22273117101618;0.015343287696105197
16177786;86855279;255640704;3827235;0.1862614015666221;0.014971148725986923
14634748;72845614;225844154;3993731;0.20090088059385428;0.017683570414667452
9109966;48204480;198970477;2892150;0.18898587849096182;0.014535573536369419
11183919;52772176;364014098;4216541;0.21192832753381252;0.011583455210023212
10634595;71562227;262565811;3247513;0.14860626123331797;0.012368377237050105
6166705;25482180;138735363;1989540;0.24200068439984335;0.014340539837705257
11620257;68162245;259713264;3713045;0.17047937608275665;0.014296709158450991
6500390;33568007;161469958;2322244;0.19364837477542232;0.014381895113888616
8451519;50810667;193546783;2392666;0.1663335574791805;0.012362210122603794
9589071;38797261;186073556;2906873;0.24715845275778617;0.015622171481475853
16240465;88129005;348636716;4877384;0.1842805895743405;0.013989874778421214
7371058;37363534;177728125;3199546;0.19727946505274369;0.018002474284810017
7744729;51458371;205097058;2234462;0.1505047448936928;0.010894656519158847
9358408;41163632;175855057;2863828;0.2273465081992765;0.01628516147818257
11042625;58294784;193135966;3082349;0.18942732509309923;0.015959476962462808
7370568;33256268;164779146;2268749;0.22162943839639493;0.013768423098879271
8336069;45104569;276633274;2677602;0.18481650938733057;0.009679247768292688
13269437;74092982;358481021;4610876;0.17909168509373802;0.012862259728946711
9328979;54708249;343210641;4658765;0.17052234663916954;0.01357406922590142
14507212;86319696;448179762;6999169;0.16806375221710698;0.015616878746970283
12059556;69630544;243280644;3451379;0.1731934767018336;0.014186821208842246
6943885;22284249;99002563;2026606;0.3116050713667757;0.020470237725057683
12760624;78783054;292393631;3635193;0.1619716849260502;0.012432531404899172
12257894;44867769;145196353;3255912;0.2732004348154685;0.02242419959404903
10761876;65208244;313642889;3582940;0.16503858009119216;0.011423628992270889
9942571;27839539;104430592;2455973;0.3571384928464512;0.023517754261126855
11125131;89021221;330658072;3099491;0.12497167388885848;0.009373704326201963
13098802;65230263;293287974;3570384;0.20080866453044963;0.012173646097060904
20943852;84289605;236914054;4373052;0.24847490980649392;0.01845838997799599
17270733;98684254;304389538;4482417;0.1750100173022537;0.014725923333146883
17786807;82497884;351515336;4404947;0.21560319050122545;0.012531308164603095
8215353;55308522;228652326;2425614;0.14853683850022245;0.010608306691793724
7087767;32214865;163328183;2661276;0.22001541834802038;0.016294040324932778
7606793;43181197;187363982;2268278;0.1761598456846854;0.012106264906346835
11609142;37430398;150637189;5948400;0.3101527801013497;0.03948825678099981
10634363;63643645;232933745;2974435;0.16709229963180142;0.012769446522228885
10351334;35199313;151924199;3006239;0.2940777281647514;0.01978775612962093
17488128;83203808;269922334;4326664;0.21018422618349392;0.016029292337106125
8987232;35611483;158477111;2781136;0.25236893391943266;0.01754913364113509
15591513;80561740;305790051;4873928;0.19353495840581397;0.015938805020180333
10920751;39484481;153106674;2700595;0.2765833746174858;0.017638649769114573
14614108;53962658;230984920;3251619;0.27081890591823704;0.014077191705848157
7078517;28237529;120280810;2118611;0.25067763542624427;0.01761387373430558
12359807;66933323;242290537;3198396;0.18465849962357314;0.013200664126639002
12663531;49988148;274029366;3071482;0.25333066950189875;0.011208587038806636
26713706;115949573;340220680;7257579;0.23039072338800248;0.02133197488171501
20244818;70194903;242845329;5097907;0.28840866123855174;0.02099240294632144
19363113;70457454;179459639;4197436;0.27481993601415117;0.02338930370856257
17239410;68930833;239327149;4612458;0.2500972242711763;0.01927260663603192
18556874;65679262;194044338;3916287;0.282537797090351;0.02018243376933781
6795361;20542309;111049399;1879306;0.33079830509802965;0.016923153271635447
19025621;84442728;269124460;4806628;0.225307986260226;0.017860242060494986
13351513;52723544;197445795;3319531;0.253236258169595;0.016812366148390247
9131837;49132185;172217622;2508469;0.18586262752206115;0.01456569293472186
20754091;77339968;276542237;6855189;0.26834884389918545;0.024788940287627743
19394392;100933016;607386623;8769685;0.19215111931263404;0.014438390092763041
11123340;54317321;363759499;3650747;0.20478440017319705;0.010036155784346953
19297351;76685689;351579217;4813673;0.251642141469186;0.013691574379949768
10628146;44213655;349780164;3298610;0.24038152919047295;0.00943052333865336
9671706;59339821;339278765;3086679;0.16298845930121697;0.009097766551938492
16380366;77725564;233551407;3852987;0.2107461838424228;0.01649738295089783
7050902;37873218;189666464;2594343;0.1861711883051501;0.013678448710890714
8495975;44369920;164648623;2272439;0.19148051202255942;0.013801749195315165
16788271;80870050;254624557;3899115;0.20759565500454125;0.01531319306330693
10906395;36036547;143953228;2689844;0.30264816992593657;0.018685541389874216
17056056;76786625;247099282;4298227;0.22212274598603599;0.017394736905791575
15584136;56402849;193471080;3881267;0.2763005109901452;0.020061225688097675
18269230;81880495;262050883;4460068;0.22312065895546918;0.01701985488062637
13481256;44568125;169929139;3752351;0.3024864967956359;0.022081857308769156
16231501;76030597;229126941;3812101;0.2134864336261887;0.016637506630003844
9660549;36011174;146171743;2789405;0.26826531675973686;0.019083065869988293
18175332;81142926;322216364;4754206;0.223991577528274;0.014754700664426839
19528656;68866968;308485001;4532988;0.28357072435655944;0.014694354621150608
7712301;53082850;244235869;2980065;0.14528799791269684;0.012201586164233722
28938945;107867056;358227421;9184154;0.2682834414244141;0.02563777494855705
12838661;74843438;272524628;4122447;0.171540235765225;0.015126878734790898
12838543;40475498;115298223;3127890;0.3171929595529621;0.02712869217420636
10584011;68399238;249884820;3029093;0.1547387267676871;0.012121956827949773
6504551;22331958;125818793;1922028;0.2912664890378175;0.015276159897671249
16237403;79587897;253250142;3918837;0.2040184954252529;0.01547417493649421
13687304;55040947;178627342;3693995;0.2486749364977314;0.020679896809974365
8385979;55119706;213813832;2434939;0.1521412142510339;0.011388126657773947
12160933;50939238;193318390;3752262;0.23873409727880107;0.019409751964104396
11091485;64310633;249714097;4596241;0.17246735854706952;0.018406013337725183
7426792;29988437;155747261;2229096;0.24765518789792212;0.014312264534783696
25727885;105215966;291023535;5894207;0.24452453347241995;0.02025336885554634
18383613;71017747;363430754;5173439;0.25885942284257485;0.014235006099676418
23179547;118413537;335481039;5561234;0.19575082027994822;0.016576895125211533
17130749;88410777;315481873;4658147;0.19376313138838266;0.014765181136096527
19920906;86312674;326288176;5580399;0.23079931459428543;0.017102670002973077
18202847;77460234;308783100;5360535;0.23499602389530608;0.017360195554743767
9213721;43892152;175226079;2556537;0.20991727632766788;0.014589934412673812
16796617;82126204;257304945;4699860;0.20452201833168862;0.018265719689141615
20638612;65331811;187935901;4623992;0.3159044833457931;0.02460409094481634
18060679;76685708;212270861;4222905;0.2355155800348091;0.01989394578278928
18577687;78830298;254008145;5057225;0.23566683713411815;0.019909696202852076
20898075;84862444;208801551;5110309;0.24625822701971675;0.02447447816132362
21657439;105953490;333386092;6032894;0.2044051498445214;0.01809581786633139
12545326;54429584;201896848;3364647;0.2304872658956938;0.01666517844795675
13825557;70536470;268380119;3875692;0.19600579671764123;0.01444105477872599
12995530;54430107;307107104;4748912;0.2387562824375855;0.015463373976526444
11527959;65571384;257264889;3375002;0.17580777309809414;0.013118782019259534
9671941;55007881;293976021;3373184;0.17582827813345508;0.011474350828090158
10881668;62608715;229258287;3357714;0.17380436573406755;0.014645987475253185
10279078;67129347;284075607;3582652;0.1531234617849031;0.012611614343923588
7638537;43047714;211961848;4106669;0.17744349909033497;0.019374566879601842
8852030;38219534;190508318;2869243;0.23161009760087603;0.015060985421119513
9466156;56969306;227740738;2740188;0.1661623892697587;0.012032050234244872
6220993;23997738;136957376;1993466;0.259232474327372;0.014555375243170547
13148101;70917415;257629911;3649185;0.18540017286304075;0.014164446146161965
7227969;34597308;169311941;2301529;0.20891709262466318;0.01359342398655745
8667146;53047129;202216904;2604850;0.16338576966154003;0.012881465142004151
9790124;31036498;131983930;2586088;0.3154390678999931;0.01959396117390958
13512540;78794880;285016733;4041106;0.17149007651258558;0.01417848684694593
17888535;66650192;377096350;5852208;0.26839435061192324;0.015519131914164642
23388766;106218968;379696504;6698006;0.22019387347088515;0.017640420518593977
21171558;65349796;190248935;4906461;0.3239728246435536;0.025789689703125014
21353968;80706506;359637273;5419551;0.2645879379290686;0.015069491976711768
16190976;45476783;104531581;3605375;0.3560272941909721;0.0344907726976788
16408642;78840062;256134450;4250155;0.20812568615179425;0.016593453164929592
19576661;59511936;284233997;7042962;0.32895352286976515;0.024778745942907035
16865943;82052179;252531857;4907807;0.20555143331415976;0.0194344074379495
24989131;101377334;260880136;6944304;0.24649623356637096;0.02661875337262167
26384113;112942731;284927085;6759486;0.23360611848495147;0.02372356422345738
24473685;94446087;244519794;6253193;0.25912862858998065;0.025573361148831984
17683655;83142639;244665728;4629937;0.21269056662971692;0.01892352082920253
20816007;93625243;394382781;6128307;0.2223332760802554;0.015538982164639687
20183715;95410349;319649351;5209493;0.21154639105240042;0.016297524095395394
23222109;108170792;356325892;8059046;0.2146800311862374;0.0226170653913637
8258168;52333119;208692536;2531177;0.15780003481160754;0.012128737560599675
9058419;30349703;119842266;2506948;0.2984681266897406;0.02091872995792653
29612353;131631112;346811850;8211729;0.22496469527659996;0.023677763605828347
20460535;76382794;194407182;5015038;0.2678683762209589;0.025796567536275485
19839688;93949676;307291600;5614847;0.21117356487743502;0.018272048438681694
13172195;49687440;138096854;3262573;0.26510109999629683;0.02362525217265268
10106665;64703342;220545232;3426076;0.15620004605017157;0.015534572971407517
7247554;23115693;89125827;2156677;0.313533926930073;0.024198114874154266
10868788;67817834;248883220;3403600;0.1602644519729132;0.013675490055135095
8090281;30399327;145371128;2498734;0.26613355618037204;0.017188653857043747
8835006;62700160;230238805;3011950;0.14090882702691668;0.013081852123059795
10498777;45388921;308065799;3370644;0.23130704076441913;0.010941311924080219
9674067;67360793;244676362;3242301;0.143615693479143;0.013251386335391075
8133627;29592540;122817773;2518708;0.2748539665740082;0.020507683362732853
14937771;77671647;245309863;4279989;0.1923194830669678;0.017447276467640438
8598655;37548942;165642081;2693059;0.2289985960190303;0.016258302140022014
18568758;89299506;256194021;4833674;0.2079379700039998;0.018867239684723165
18137280;85733947;308737544;6030124;0.2115530736033884;0.019531553959631163
8031287;41113041;144108881;2232819;0.19534645953336316;0.015493972227846249
12924481;74534923;286834691;3633710;0.173401681786134;0.012668307265525284
15360646;76077476;246700053;4255979;0.20190793395932324;0.017251633910269164
8223839;29328506;151420270;2767060;0.2804042933520037;0.018274039532487955
13506919;76554445;293394681;4320671;0.17643546367555796;0.014726480334522493
7985434;47862763;215270955;2992061;0.1668402219069551;0.013899046436617518
8909922;54095667;251414946;3130937;0.16470675923082712;0.012453265208823346
10764752;48089509;298598045;4867418;0.22384824099576478;0.01630090377852273
10191701;64364469;234275721;3072335;0.15834358860320902;0.01311418437593881
9464469;40655445;161238089;2860462;0.23279708289996578;0.017740609664506753
11662010;68867239;257399888;3410606;0.16934046099916972;0.013250223325660499
14370359;56358306;201240897;4853690;0.2549820961616554;0.02411880523470336
9998210;65572700;244662758;3198574;0.1524751916575038;0.013073399589487176
22613429;82656673;233496380;6325515;0.27358261806642037;0.02709041998852402
15144171;90333374;307452992;5441713;0.1676475739741549;0.017699333366708626
6096621;26845180;148531556;1991372;0.2271030032206899;0.013407063479493879
9133242;64145508;242683245;2923989;0.1423831891704716;0.01204858209309011
22710907;81156369;205923576;6472521;0.27984133937781275;0.03143166569718078
27365513;109545467;409836289;7241119;0.24980963383907068;0.017668320727938273
26108208;100393289;290135347;7537649;0.26005929539772327;0.025979767987386933
21999079;99343492;399647897;7188532;0.22144459145849232;0.017987163335429737