start time;end time;cache misses;cache references;branch instructions;branch misses;cache miss rate;branch miss rate
813029;2259231;9942449;971131;0.3598697964041747;0.0976752307203185
422037;1599942;7590567;115757;0.2637826871224082;0.015250112409257438
2675544;8720840;23290063;738383;0.3067988863458107;0.03170377855998071
472326;2303426;8742710;237817;0.20505368959107;0.02720174865688099
508479;5369407;22995183;163315;0.09469928429713002;0.007102139608978106
3620315;13426358;36495691;1104953;0.26964237062649454;0.030276259189064264
5910694;15778120;29964667;583276;0.3746133252884374;0.019465459102215286
8871677;21377613;38392471;781601;0.4149984846296918;0.020358184290873074
9062956;21512116;35437255;804766;0.42129542254234775;0.02270960321277706
2727164;9579963;16240633;421276;0.2846737508276389;0.025939629323561465
1015729;5276394;38482307;556895;0.19250438841375378;0.014471455674422014
2488772;11708151;43449243;1263270;0.21256746688695763;0.029074614717683345
5789228;19111228;47569825;1338102;0.3029228681694342;0.028129218469901875
1650773;8219397;13145405;516619;0.20083869899458562;0.03930034867697115
4438532;15759962;75477067;1422806;0.2816334201821045;0.01885083849376394
3601451;9322448;92542060;1602760;0.38632030985852645;0.01731926002079487
1064268;6575124;10292624;362679;0.16186280289162608;0.03523678704283767
903602;6864266;14931146;417887;0.13163854664140345;0.027987603898588898
4590428;12541192;21264597;616926;0.3660280458189301;0.029011882990305434
1263605;7171942;11537560;532146;0.17618728651179835;0.04612292373777471
8285149;23199534;100281503;2300724;0.3571256646792992;0.022942655735823984
1669322;5160068;10699987;271826;0.3235077522234203;0.025404329930494306
2143246;6869652;11572927;334651;0.3119875650178495;0.028916712254384736
345601;1213055;11181365;155144;0.2849013441270182;0.013875229008265091
928852;5470309;10500572;391852;0.16979881758050597;0.03731720519605979
1630675;7454235;12388588;473570;0.21875819584437572;0.03822630956812834
4948893;15919447;38465229;926883;0.3108709115335476;0.024096645830445986
4868842;16788809;44882185;1343433;0.2900052052530945;0.029932433102354532
2336222;9257300;29578007;653118;0.2523653765136703;0.022081203780903832
1652019;6726136;19569802;467016;0.24561189366376177;0.023864114721242453
2310418;10064924;24259433;500942;0.2295514601004439;0.020649369669934164
4072412;11903611;28365325;858747;0.34211568237570933;0.030274534136309032
3575961;13629217;37495501;1315682;0.2623746470541925;0.03508906308519521
1516431;4972338;16911122;528706;0.3049734350319709;0.031263803785461425
6213230;15771607;34818093;963173;0.3939503438045343;0.027663002680818848
7433123;21670328;51704738;1582881;0.3430092520980762;0.03061384819317719
3146119;6770890;51069730;197775;0.4646536865906845;0.0038726462818581575
1801175;16174622;13156244;328059;0.11135808923386277;0.02493561232217949
2233807;9542728;30814506;1152582;0.23408473970965116;0.03740387725183717
3133949;9924039;23870492;815458;0.3157937005285852;0.034161759213006584
2850750;9236260;19024130;616743;0.3086476560859049;0.032418985782792696
1627067;6519121;9755220;227853;0.24958380125173318;0.02335703346516019
1696424;6281493;14128171;205585;0.2700670047709995;0.014551423535289883
2074369;8621713;28783622;714831;0.24059824306376237;0.024834643812373578
1866769;7110378;17372209;541723;0.2625414570083335;0.031183311230022617
2176207;8348807;19724031;652281;0.2606608345360002;0.03307036984478477
3102583;11525306;24383764;817803;0.26919745124337696;0.033538833463119144
2056959;8137010;20888284;525238;0.25279052133400354;0.02514510047833513
1989290;7180541;15208496;468596;0.2770390141912705;0.03081146222479856
3276349;12784301;24242626;925693;0.25627908792197557;0.038184518459345125
2903401;10318383;17817415;759142;0.28138139473985413;0.042606741774830974
2623980;7159185;10193506;512444;0.36651937336442625;0.050271614104116874
1609666;6452698;12796271;383738;0.24945627394928446;0.029988267675793986
3273597;13858433;39862630;909041;0.2362169662327624;0.022804340807417875
2226170;12182022;29751960;808368;0.18274224098429637;0.027170243573868748
982230;4755543;9542451;307756;0.20654423690417686;0.03225125284897978
1109626;8578389;10965777;700068;0.12935132692163995;0.06384116693235692
727999;3258696;7544258;219871;0.2234019374621014;0.029144151750907777
5017086;10869368;23918575;761298;0.46158028691272573;0.03182873561656579
961038;2353073;9757548;263773;0.4084182683665148;0.027032713546477044
5568163;16673279;43049413;1436147;0.3339572857864371;0.033360431650949575
624161;1639654;6976461;452335;0.3806662869117509;0.06483731507995243
465353;2247225;8575483;302803;0.20707895293083692;0.03531031429949777
361646;3504946;6112448;275705;0.1031816182046742;0.04510549619399625
457331;3969265;13498502;284456;0.11521805674350288;0.02107315315432779
584143;3420624;8085679;180918;0.17077088858640996;0.022375115311898976
814684;3482207;8302274;255722;0.2339562237397145;0.030801440665533322
638475;3355779;9345882;259995;0.19026133723347097;0.027819204222779614
460364;3199875;11014569;128048;0.14386936989726162;0.011625330051498156
783280;2244757;8090563;309273;0.3489375464693951;0.038226387953471226
689474;4347009;7976847;222010;0.1586088273569252;0.027831798704425446
686994;2042968;7550671;219651;0.33627252115549533;0.029090262309137825
935166;2487525;12172502;435442;0.3759423523381675;0.03577259629942965
5255647;19933518;99595629;2025531;0.2636587781444299;0.02033754915087689
663436;2930988;5303202;125794;0.2263523426230336;0.023720386287378832
662310;2828389;8069979;193569;0.23416510246645705;0.023986307771061113
1241360;4260711;26100534;1918266;0.2913504342350373;0.07349527791270477
782349;3346313;8213769;269145;0.23379432826516827;0.03276753948157052
933270;4777559;15912459;532796;0.19534452635749763;0.03348294565912157
659379;3765711;7947185;196150;0.1751007976979646;0.024681695468269583
668836;3698224;19442204;208968;0.1808532960685994;0.01074816414846794
505982;4167339;7852968;161389;0.12141608829999191;0.020551338041871557
780920;3872761;12039779;218681;0.20164425328596317;0.018163207148569754
752393;3775639;8996239;250641;0.19927567227693113;0.027860642653001994
969495;3759355;11516062;306320;0.25788865377172415;0.026599370513982992
848387;1832852;13409088;324925;0.46287807198835473;0.024231700172301054
682963;1746049;7601414;208600;0.39114767111346815;0.027442262715857865
939364;4147413;9675846;298124;0.22649396141642994;0.030811155944400107
1515604;7034625;13032758;582672;0.21544915329530714;0.04470826512699768
984919;3975722;9008267;277788;0.24773336767510404;0.030837007828475777
587478;2411388;12260791;247728;0.24362649229406466;0.02020489542640438
687506;3453511;9210092;226698;0.19907450707410518;0.024614086373947186
517807;4009188;7063817;308483;0.1291550807794496;0.04367086519936742
676709;2957439;7697012;210491;0.22881587752105792;0.02734710560409676
637258;2854120;6652465;136273;0.22327652656510588;0.02048458729207895
759579;3173737;7855534;212930;0.23933268572663707;0.02710573208645014
899139;3790669;8885364;219623;0.23719797217852576;0.0247173891806796
424432;1481196;8414665;219802;0.28654681757174605;0.026121301323344424
683809;2911220;7711746;194956;0.23488743550813748;0.025280396942534155
953201;3982230;10704227;306590;0.23936362289470975;0.02864195611696202
997729;4505800;9576944;286209;0.22143215411247724;0.029885211817047275
1010590;3735518;10055934;243670;0.270535438458602;0.02423146373076832
1037603;2629717;21326411;192222;0.39456831286408384;0.009013330935055129
672356;2953074;8945690;206728;0.22768003781821924;0.023109229137159907
957914;4190349;10593812;287772;0.2286000521674925;0.02716415960562638
740125;3860952;8779603;226866;0.19169494984656635;0.02584012056126
711583;2917384;8043691;203961;0.24391132603729918;0.02535664286457548
1111310;4540636;16967233;536065;0.24474765209102867;0.03159413205441335
731181;3597064;8976832;251601;0.20327161262629745;0.028027816494727763
925538;3644856;14373931;222047;0.253929922060021;0.015447896612276767
539665;7299641;6380812;526977;0.07393034808150155;0.08258776469201726
978696;4276637;10132509;255798;0.22884710579831768;0.025245277354305828
356358;3118764;5554054;231731;0.11426257325017218;0.041722856853750434
1064176;4193963;7530111;279906;0.25373995907927654;0.037171563606432895
666189;3020369;9034464;211019;0.22056543422343428;0.023357113382708704
1217714;6188870;20053075;720970;0.19675869746819694;0.03595308948876918
831248;3776924;8298921;250129;0.22008597472440536;0.030139942288883097
652206;1917289;7161820;202838;0.3401709392793679;0.02832213040819233
716167;3185054;9315574;215052;0.2248523886879155;0.023085211925749288
986209;4226887;11445710;412409;0.23331804233233583;0.036031753381834765
826226;3575863;9457058;311804;0.23105639114250182;0.03297050731844935
905518;3286698;8585150;223290;0.2755099494994672;0.02600886414331724
437097;1502673;9835023;220497;0.2908796524593175;0.022419571362466563
930661;4034915;10547209;224231;0.2306519468192019;0.02125974748390783
790623;3886231;8656441;176692;0.20344210110001182;0.020411621820099046
729750;3534047;8101227;242482;0.20649131151906017;0.029931515312433536
960781;5768332;22574742;792443;0.1665613213663846;0.03510308113377331
925009;4154169;9121055;274950;0.22267004544109784;0.030144539200783242
671575;2908773;14980956;231075;0.23087913701069146;0.015424583050641094
1019035;4858324;9018102;298286;0.20975031718757334;0.03307636130085909
723761;2971159;7830758;203200;0.24359551272752486;0.02594895666549777
756758;3248184;10900227;321316;0.2329787967676708;0.029477918212162002
817202;1568378;6083566;309219;0.5210491348386678;0.05082857652896344
777665;2058119;8836981;200781;0.37785230105742185;0.022720542230429148
696270;3456319;10072931;262428;0.2014484195469226;0.026052794365413603
3347495;20934690;74719694;1652784;0.1599018184649498;0.022119790801070464
412087;2680468;8695477;116643;0.15373695936679715;0.013414215229365796
681290;3075496;10148460;211989;0.22152199189984315;0.020888785096457984
678036;3637162;10525284;246919;0.18641897171476002;0.023459604510434114
333201;3120540;5428794;231448;0.10677671172297103;0.04263340992492992
879574;3914541;10036975;267556;0.22469403181624614;0.02665703561082896
848634;2856059;7523304;312894;0.29713461801734486;0.04158997164011982
966856;3820000;9234599;249670;0.25310366492146597;0.027036366170312322
738309;3138089;6382385;140798;0.2352734418940954;0.022060405318701393
1005591;1222954;5397695;215323;0.8222639608685199;0.0398916574574888
643134;3419406;8814580;205489;0.18808354433489324;0.023312398321871264
621366;4869960;10722020;179368;0.12759160239509154;0.016728937271148533
914839;3199859;8627090;221254;0.28589978495927476;0.025646423069656164
968263;3443065;8140025;293677;0.2812212374730073;0.03607814472314274
782779;3545884;10224172;332586;0.2207570806038776;0.032529382330422456
942470;1262848;5380186;321277;0.7463051768700588;0.059714850007044365
815801;3314313;8916503;224070;0.24614482699732945;0.0251298070555239
839839;3957180;8924368;324427;0.2122316902440627;0.03635293838174311
940972;3943267;12063594;356814;0.2386275136834508;0.029577752699568634
1015849;4140631;8742267;262107;0.24533676147427771;0.029981582580353584
764812;3053656;11357261;211867;0.2504578118818885;0.018654761918388597
913405;5891546;20907729;379824;0.15503655576991165;0.01816667893485706
704545;1170295;5848898;214091;0.6020234214450203;0.0366036473879353
1075653;2900977;9596501;200971;0.37078990974419995;0.020942112130244137
811054;1600410;7632718;301804;0.506778887909973;0.03954082936117907
1140029;4931024;13828204;469107;0.23119518379955156;0.03392392822668801
628452;2572767;8969864;87034;0.24427085701892165;0.009702934180495936
973563;3952389;9864813;284738;0.2463226671261356;0.028864003808283037
708452;3261152;8002708;212314;0.21723979747034178;0.026530269503772973
650937;2614436;7518424;258568;0.24897798224932643;0.03439125008113403
813739;2217180;7484144;275233;0.36701530773324675;0.03677548160484352
484978;4220014;6876694;434792;0.1149233154202806;0.0632268936206846
471554;3094271;8987203;142282;0.15239583087583472;0.015831621918409988
785254;2943131;8622801;208230;0.2668090547107825;0.02414876558092898
743271;1997058;7017075;277982;0.37218298116529414;0.03961508178265161
791196;3282450;9378619;244309;0.24103824886898506;0.026049570837668106
788762;2210073;8492222;168547;0.3568940935435164;0.01984722019749366
744084;1076943;5522367;204408;0.6909223607934681;0.03701456277715697
686677;3134986;15428196;139378;0.21903670383217022;0.009033979086083688
860276;4056153;13294794;166876;0.2120916050257473;0.012551980873114694
378322;1462782;14689172;266340;0.2586318398777125;0.018131723149541718
827477;2932725;8695161;199064;0.28215294649174405;0.022893653147998065
983277;3278525;12542089;525019;0.29991444323285626;0.04186057043607329
663141;2989707;7894131;210352;0.2218080233280385;0.026646631529170215
5063776;16880404;81663284;1751934;0.29997955025247025;0.021453141659108395
651522;3363622;9526244;216206;0.19369655686637796;0.022695828492320793
738246;3447467;7885767;247187;0.21414157118835364;0.031345967995250176
723590;3132044;12487480;223954;0.23102804430589097;0.017934282977830594
661614;2873427;10409860;205723;0.2302525868936291;0.01976232149135531
891386;3480422;12188509;407434;0.25611434475474526;0.033427714579363235
724682;3293351;8381455;211587;0.22004396130263673;0.02524466217381111
828051;3718565;8619936;287449;0.22268025434542627;0.033346999328069254
624472;2704550;7462729;188709;0.23089682202214787;0.025286862218901425
648649;2934516;7988155;199861;0.22104122110767158;0.025019669748521406
464144;1474603;7926183;190795;0.31475861638691904;0.024071485606628057
839096;2147849;10584400;154793;0.39066805906746704;0.01462463625713314
445287;1825552;10209008;232378;0.2439190995381123;0.02276205484411414
698599;3000773;5761913;118484;0.2328063468979493;0.020563309442541044
915302;3195661;8949845;227798;0.28642024294817253;0.02545273130428516
845646;4536271;8657176;254734;0.18641875672771754;0.02942460682328741
858834;3383477;8949760;227279;0.25383178310359433;0.02539498265875286
825461;4897955;11406570;340557;0.16853176478754908;0.02985621444483311
662281;2974370;9171714;218480;0.22266261426789538;0.02382106550640371
554329;2063650;16703429;276973;0.268615802098224;0.016581804849770666
514929;3339231;8714153;231231;0.1542058635655934;0.026535109034693333
489852;1898814;9077679;313998;0.25797787461015137;0.03459011934658628
610735;2812378;7790069;195715;0.21715964212492062;0.025123654232074195
610575;3179507;8115397;224359;0.19203448836564915;0.027646090511653343
403455;4522134;6091474;319772;0.08921783388108358;0.05249501188053991
687748;2538798;7684436;190743;0.27089512438563446;0.024821990839666047
567235;2073736;12916774;264466;0.27353288943240606;0.020474616959311978
694705;2600475;14095441;186552;0.2671454253549832;0.013234917587892426
673459;2936012;7804363;188592;0.22937883087671304;0.02416494465980119
458822;3083274;7198062;225556;0.14880999872213757;0.03133565673649379
673236;3278770;7741160;234809;0.20533187750284407;0.03033253414216991
535789;2647014;25471394;697902;0.20241260529789415;0.027399442684605327
898201;4106777;8843826;281504;0.21871189986697598;0.03183056744897514
692077;3756326;17367618;258507;0.18424306090578932;0.014884424565303082
832124;4308076;8627641;277011;0.1931544383153872;0.03210738601664116
2811596;10421158;19716411;854724;0.269796888215302;0.04335089180277283
2763508;8253545;11751880;375741;0.33482679260850945;0.03197284179212177
3674360;10229710;18142965;413138;0.35918515774151955;0.02277125045437722
5607791;14606115;20650094;741300;0.38393446854279867;0.03589814167431877
6418822;20925203;45864837;1412199;0.3067507636604529;0.03079045064522959
9848457;28709509;97669014;2276450;0.3430381550586602;0.02330780159201771
7745180;31917365;96571604;1729950;0.24266351561289598;0.017913650890586844
7949905;29240851;76500059;1710076;0.271876663233912;0.02235391740024671
4220283;17030848;45709014;1121608;0.24780228207074598;0.02453800469202858
6767770;22328678;128790837;2444582;0.30309765764009855;0.01898102424786633
3198081;15765459;47965777;1486045;0.20285365621134152;0.030981359897495248
1700046;8790599;43118327;499401;0.1933936470085827;0.011582105214796483
4480561;10162594;33853190;394217;0.44088753324200497;0.011644899638704654
2397881;9755927;18632417;596308;0.24578709947296654;0.0320037921006169
1746694;7000666;21719114;736665;0.24950397576459155;0.03391782003630535
1217233;7187244;13158645;389589;0.1693601886898511;0.029607075804537624
2277619;9829773;18859338;604350;0.2317061645268919;0.03204513329152911
2452725;9288625;24263992;857486;0.2640568437201416;0.03533985668969888
1597120;9368360;18419777;623113;0.17048021211823627;0.03382847685941041
2196613;8604590;23540804;802713;0.2552838659366687;0.03409879288744769
1594526;7323744;24554999;513733;0.21772006230692936;0.020921727587934334
5471495;18250793;50639651;1370921;0.29979491850025364;0.027072086259046297
2107255;5805634;13792980;511592;0.36296724871047675;0.037090751962230065
1991920;6103842;17572029;363401;0.32633872239812234;0.02068065105059865
5682400;21229113;56309026;1168834;0.2676701565439875;0.02075748921673765
624291;1766090;7626936;117727;0.35348764785486586;0.01543568741103898
5571243;18660199;41541655;807841;0.2985628931395641;0.0194465290321245
1785875;6454230;14155947;451065;0.2766983823012195;0.03186399327434611
858876;2589518;19607565;521369;0.3316740798866816;0.02659019618193284
1807953;6376173;10622375;420673;0.28354829770145823;0.03960253709740053
2517339;9773520;16945059;609373;0.2575672838445105;0.035961692431994485
1608832;6205917;12090066;302100;0.2592416237600342;0.024987456644157278
5617527;16211367;36107648;1121573;0.34651778594612037;0.031061923501636
2556913;9784950;18110513;584257;0.2613107885068396;0.03226065435032127
2082307;16366289;14166902;633721;0.12723146951639433;0.044732503972992825
3439514;13481821;26065304;776372;0.2551223606959327;0.029785649152605318
2784732;10871370;17728999;690066;0.25615281238703125;0.0389230096972762
5207215;19043863;45274941;1989918;0.2734327063789526;0.04395186290800467
2617750;9972614;56986727;581542;0.2624938657006077;0.010204867529942542
2390961;7929554;12899065;348418;0.301525281245326;0.02701110506846814
1688401;6373043;14665364;421306;0.26492854355446843;0.028727960656141915
1713310;4997211;14593291;431736;0.3428532435392462;0.029584553614397192
4124274;12516879;29056555;713524;0.32949699361957563;0.024556386674194516
3367774;11934636;18149394;677446;0.2821848944534211;0.03732609474454078
2729802;10750623;12703991;496737;0.2539203541971475;0.0391008620834193
1318008;7931446;16844983;489987;0.1661749950765598;0.02908800798433575
3335802;11065416;16913498;546904;0.30146196039986206;0.0323353572395255
2266558;7789804;20491409;553284;0.29096470206439085;0.02700077871658313
1306026;4994179;14350871;393376;0.2615096495339875;0.02741129789265056
2101518;3964971;21474985;291427;0.5300210266355038;0.013570533343795118
3025238;6853405;38779053;978705;0.44142116218142663;0.025237980927486806
2716934;13870883;42556897;1019554;0.19587318269500217;0.023957432798730603
2651150;14145932;57925652;1231752;0.18741430398506087;0.021264361426609407
3658997;11256187;17326755;544834;0.3250654062516907;0.03144466462416073
1761278;7462631;18007967;607383;0.23601300935286765;0.03372857135955436
6671317;21730827;60671029;2530715;0.3069978422818423;0.041712083043786846
7465120;19655718;105917846;1481554;0.37979380860063217;0.013987765574462305
3295752;15892421;36219578;916641;0.20737885058544572;0.025307887353077388
5679686;16661335;48678958;1061679;0.340890210778428;0.021809813595434806
6823977;23644740;56053826;1365626;0.2886044422565019;0.02436276160703107
722717;2759898;12963351;230828;0.2618636630774036;0.017806198412740656
1467896;5807022;13032633;405177;0.25277947974021797;0.031089419919980866
2862353;10617254;30127229;782465;0.26959447329789793;0.025972020194754718
1953657;9875213;24779011;451478;0.19783441633107052;0.018220178359822353
1812113;5575821;9783445;366497;0.3249948303577177;0.03746093528404361
646008;5918107;6177613;486126;0.10915787767946744;0.07869155934500915
1559827;6926180;24002208;729250;0.22520740148249108;0.03038262146549184
2032536;8857971;22433468;711454;0.2294584166057893;0.031713955238663945
1663694;7038635;18301717;765907;0.23636599994175006;0.04184891504988302
1986690;8308358;19415163;716611;0.23911945055810066;0.03690986266764796
1377710;5897131;13560351;407003;0.23362377400128978;0.03001419358540203
1497585;6366521;17532219;566145;0.23522815679081244;0.032291691085994306
1369972;5595693;17188220;452291;0.2448261546871853;0.026314010409454847
1014270;8336424;13906068;965670;0.12166727604066203;0.0694423470387172
1687718;7368490;14688213;480939;0.2290452996475533;0.03274319347084632
1560387;6670004;13606653;406334;0.23394093916585357;0.029862891337054012
1746209;6451190;19778700;675407;0.27068013808305136;0.034148199831131466
2042825;8021906;24490136;636806;0.25465581371808643;0.02600255057791431
1798203;7448173;23373525;728138;0.24142873695334413;0.031152254527291028
1365387;6065477;12113647;406245;0.22510793462740028;0.033536143161510316
1752516;8056667;20995116;788428;0.21752369807514696;0.03755292421342182
1222720;3952361;15346547;410267;0.3093644532976618;0.02673350558923776
1447972;3663911;19112955;275183;0.39519846415483345;0.01439772133613039
1522838;5844311;16892952;389969;0.2605675844423748;0.023084716040156866
1795771;6677755;15538984;432633;0.26891837151857173;0.027841781676330963
1663803;6326956;14295112;458628;0.26297053432962075;0.03208285461492012
5742152;19205625;99529033;2031479;0.2989828240424355;0.020410918691433484
1629219;7018364;13736403;403450;0.23213657769816443;0.029370862226450405
1247154;5652815;11904334;402692;0.22062529907665474;0.03382734389004878
1682886;6681990;15646770;562134;0.25185401354985565;0.03592652029779948
1628270;6843804;15279530;536960;0.23791885331607976;0.035142442208628145
1730592;7754978;26040320;922322;0.22315885357766327;0.035418996387141174
1586253;6412065;18524376;302465;0.24738567060689498;0.016327945405556443
2035327;7849316;24445727;597221;0.2592999186171126;0.02443048635861801
1675179;5037255;29372228;477724;0.332557911005101;0.01626447949403089
1388449;5521188;7011640;163925;0.25147649382705317;0.023378981236914616
1916003;9159007;28825119;1048752;0.20919331102159874;0.03638326696934018
1382616;5427685;12190700;358280;0.2547340164361049;0.029389616675006357
1361250;5534914;17061616;361760;0.2459387806206203;0.021203149807146052
1121263;7303617;12164781;676369;0.15352160443243396;0.05560058993252735
1308860;5243143;12123606;350856;0.249632710761465;0.028939904513558094
1480308;5930756;16553624;414568;0.2495985334753276;0.025043942039519564
3775119;8494681;25559114;588634;0.4444097429909375;0.023030297529092754
2401654;7815924;35969462;748457;0.30727704107665327;0.020808123290807074
2372421;6549127;35080623;515435;0.36224996094899364;0.014692869051954978
4478892;11135232;36325406;494080;0.4022270932478102;0.013601499732721501
3840964;10494849;40941870;927465;0.3659856373350393;0.022653215400273607
3283833;9775150;36776127;732462;0.3359368398438899;0.019916779164918588
1014344;3757857;10131704;250749;0.26992618399263196;0.024748946475341167
1653317;6251934;16528448;528237;0.2644488889358077;0.0319592619948346
881005;6084690;19197004;355614;0.14479044947236425;0.01852445308653371
1537340;5820684;12740472;419781;0.26411672580061035;0.03294862231163806
1599371;7133085;7688087;393284;0.22421869359470692;0.051154988230492186
1753248;7893046;23782938;720212;0.22212565339160573;0.030282717803830628
1382682;5431613;13568962;377224;0.25456195056606573;0.027800505300258044
1407878;5675447;12862205;342197;0.24806468988257666;0.026604847302620353
4094336;15888153;75037557;1836829;0.2576974176922893;0.02447879533178299
1400666;2972810;14209212;424484;0.471158937167192;0.029873859296349437
1244190;5809571;11722013;396983;0.21416211283070644;0.03386645280123815
1470487;5967232;15136788;392805;0.24642698658272377;0.0259503535360342
1793916;7270758;17642355;562283;0.24673025838571438;0.03187119860132052
970355;4421348;25243052;443701;0.21947039681110828;0.0175771535074285
1543835;5836019;13952262;400335;0.2645356363644464;0.028693196845070712
799990;5769057;16427264;327974;0.13866911004692795;0.019965223667191324
1496075;6546480;8432166;213906;0.22853121066588455;0.025367859219090325
1385362;5171764;12853413;471119;0.26787030498684783;0.03665322198858778
1539590;5635055;14410982;477606;0.2732164992178426;0.03314180810162694
786235;7868564;17793948;717379;0.09992102752166723;0.04031589841669763
1434231;5897850;14823248;359772;0.2431786159363158;0.024270794093170404
1602197;6696520;18663549;653434;0.23925815199536477;0.03501124035948361
1408827;6131409;13905806;402021;0.2297721453584323;0.028910298331502684
1574426;6361080;12837364;421547;0.24750922799273078;0.032837504646592554
1576916;6762239;14447057;432443;0.23319436062523077;0.029932947589256412
1503509;6342848;15839897;419960;0.23704004888655694;0.026512798662769083
1404819;5654035;12614492;384345;0.24846308874989279;0.03046852778534403
1402234;6011940;12487535;423382;0.2332415160497277;0.03390436943720278
1557648;5762278;13618537;383841;0.2703180929486568;0.028185186118009593
1603284;6548610;14037552;473682;0.24482813910127493;0.0337439177429227
1637943;6189702;25577857;417033;0.2646238865780614;0.016304454278558207
1615907;6644248;16957206;457021;0.2432038960616762;0.02695143291884288
1985474;9038547;14754327;782348;0.21966738680453837;0.05302498717833758
1754795;7424087;6058055;181614;0.23636509108796813;0.029978928880639084
1481626;7078709;13047712;398126;0.20930737511599926;0.030513089191422985
1596628;7167232;16244596;476763;0.2227677295781691;0.02934902166849825
1458850;6038237;14205216;447783;0.24160197753085877;0.031522435139317836
1597230;6383659;15236689;414863;0.25020603387492973;0.027227897084465005
4970891;18636831;84868759;1817972;0.26672404766668756;0.02142098012768161
1385973;5156924;12136630;338237;0.26875963268025665;0.027869103696825232
1466278;6743069;17322785;411388;0.217449650893384;0.023748375333412036
2144738;7582961;19121032;662117;0.2828364803669701;0.03462768118373527
1538688;7041935;15299447;428362;0.2185035789168744;0.02799852831282072
1753591;6840523;13630397;502701;0.2563533519293773;0.03688087735082111
1761359;7711967;14607247;479375;0.22839296381843957;0.0328176144348076
1403514;6008973;12746919;381389;0.23356969651885606;0.02992009284753437
1945817;8096632;7987710;275386;0.24032424840353372;0.03447621408388637
1636563;6557606;15121677;469550;0.24956714386317203;0.031051450179765114
1897098;8703711;18825124;796048;0.2179642683448474;0.04228646780759585
1225544;5290884;24325748;472664;0.23163312595777946;0.01943060497050286
1479769;6260476;10653271;370857;0.23636685133846053;0.034811561632103416
1631358;6364755;13302528;406396;0.25631120129525803;0.030550283374708928
1568605;6455960;12846532;408884;0.24297006177237776;0.03182835647784164
1788160;7298018;14404883;453053;0.24501994925197498;0.031451348823867575
1501084;6491284;12807524;411069;0.23124608320942358;0.03209589925421963
1412770;6377113;12311875;366931;0.22153755155350077;0.029803015381491445
1734470;7452679;21218433;576866;0.23273107563065576;0.0271870217748879
1892680;7167747;17781612;475144;0.264055078952982;0.026721086929576462
1713784;7413390;16581950;452069;0.23117413221211888;0.027262716387397138
1605044;7851149;29501195;624289;0.20443428089315335;0.021161481763704828
1102177;4937632;30162927;869513;0.22321975392252805;0.028827208977431136
1539130;6731927;14834826;440822;0.2286314156407222;0.029715346846670126
1792085;6768045;15115054;452536;0.26478621226661464;0.02993942330606295
1644456;6560632;18290441;574212;0.2506551198116279;0.0313941036194808
1558230;4889145;12883647;322191;0.31871216746486347;0.025007748194280702
1356812;8996022;23743872;992855;0.15082355289927038;0.04181521025719815
1776488;8329217;18485592;638755;0.21328391372202213;0.03455420848842709
4476063;15393580;66453703;1533657;0.2907746606052653;0.023078578480419668
1433895;5891019;14806998;471366;0.24340356057245785;0.03183400173350466
5155216;21151460;102434885;1896089;0.24372861258749987;0.018510188203950246
1860265;7340479;31853985;1693771;0.2534255598306323;0.05317297035206113
1336452;5965222;15885567;409471;0.22404061407940895;0.025776291145289305
1831489;6816397;18514764;502852;0.26868872220910844;0.02715951442859331
1528847;6508955;13596596;401252;0.23488363339430063;0.029511210011682335
1712585;6842642;13867397;452622;0.2502812510138628;0.032639290560441875
1523945;6750936;12876588;422757;0.2257383272482512;0.03283144572149082
1474276;4665252;10790946;467244;0.31601208251987245;0.04329963285888003
1449062;6657715;12974955;447529;0.21765155162093902;0.03449175738952467
1583377;6822110;18015854;431962;0.23209490905306424;0.02397677068208923
1744794;6697185;14427662;454724;0.26052647492939196;0.031517511291850334
1546284;6672620;12298601;391187;0.23173566005557036;0.03180743891114119
1328422;5561486;12504958;362506;0.23886098068034334;0.02898898181025478
1389273;3842894;10380925;380596;0.3615173876770996;0.036663014134096915
1521648;6696607;21724219;770907;0.2272267134684774;0.03548606281312115
1405720;6465109;8296358;405025;0.21743175559762412;0.04881961458268797
1653445;7129293;13568480;472183;0.23192271660036978;0.03479999233517682
1613633;6508475;14927021;405219;0.24792797083802273;0.027146675816963076
1529094;6478221;18968607;609901;0.2360360969469859;0.03215317814323424
1562112;5663245;15568726;425107;0.2758333782133741;0.027305188619801003
1773122;6839710;16597539;443041;0.2592393537152891;0.02669317421094778
1493541;5717478;14451971;401919;0.2612237423563326;0.02781067025390516
777106;3941539;25118410;510990;0.19715801365913163;0.02034324624846875
1404208;4378360;12829144;396276;0.32071551905279605;0.030888732716695674
1614766;6575571;7988420;227417;0.24557046072500777;0.028468332911889962
1286990;4259908;11243003;443966;0.3021168532278162;0.03948820435252041
912512;3937656;14141964;380486;0.23173989805102324;0.0269047495807513
1493553;5554398;13724523;363147;0.2688955670803569;0.02645971739782869
1416270;5980339;14885745;426021;0.23682102302227348;0.028619393923515417
1207501;5460139;14923968;348166;0.2211483993356213;0.02332931831534348
6412207;11373525;77424288;2433253;0.5637836115012715;0.03142751535538822
1606146;6538312;7832174;223068;0.24565147701730966;0.02848098114265592
1287817;4651895;11969192;448929;0.27683707392363754;0.03750704308193903
982672;5731830;13760675;392328;0.17144123255574573;0.028510810697876376
1219806;4909999;12509175;329389;0.24843304448738177;0.02633179246433118
959167;4315122;17050924;437570;0.22228038975491307;0.025662538874726085
1659188;6498324;21038087;438406;0.2553255270128113;0.020838681767976337
1348895;5596080;12793075;360339;0.24104283712884733;0.028166723012254678
1427738;5916222;18049314;428473;0.24132596782203236;0.023739018557713605
1391175;5232282;12661510;462503;0.2658830315338508;0.036528265586016205
1697015;8629512;27776596;464136;0.19665248741759672;0.016709606893515676
1572635;5135065;18632033;375845;0.3062541564712423;0.020171980159116292
1416699;6531174;21130310;383539;0.21691337575755906;0.01815112982251562
1270690;5146731;12051304;420834;0.24689263923061067;0.03492020448575523
1462383;6590706;14783925;441280;0.2218856371381154;0.029848636272167235
1325175;6601738;13886282;388172;0.20073123168474727;0.027953630784683763
1693459;3827393;7990263;567332;0.44245756837617667;0.07100291942830918
1587868;5888786;25045273;1990156;0.2696426733795387;0.0794623400591401
1363612;6419836;13130277;459228;0.21240604900187482;0.034974738156704537
1703969;7525121;24342007;655064;0.2264374220693594;0.026910845929836436
1551748;6775980;14273017;421326;0.22900716944264887;0.029519056832903654
1446932;4411474;21464049;304345;0.3279928658765755;0.01417929114865513
1463853;5292172;13129269;418752;0.27660722289449396;0.03189454035864449
1383069;6108226;16426435;520041;0.22642728019559197;0.031658786583942285
1454260;6327882;14844463;407653;0.22981781265832707;0.027461619864591936
2407061;8115871;37224840;798001;0.29658689745068645;0.021437325183936318
1952962;8066561;23798462;773096;0.2421058986599122;0.0324851244588831
1795198;6888585;17718807;455578;0.2606047540968138;0.02571155044467723
5523975;20656241;99277494;2105771;0.26742401969458046;0.021210960461995547
468544;3832720;10803958;268701;0.12224842931390761;0.02487060760510176
1562105;5732192;13293597;407300;0.27251442380157537;0.030638810549168897
1586444;7000360;14511457;416607;0.22662320223531363;0.028708833303230683
1519644;6072767;14540501;403354;0.2502391413996289;0.027740034542138543
1574678;6849052;16159030;430812;0.22991181845312314;0.026660758721284632
1502906;6784348;14204467;398329;0.22152548778452993;0.028042516484427047
1559694;7546812;15030904;623193;0.20666925318929372;0.04146077973753275
1131689;5757787;21132922;324508;0.19654929923597383;0.015355567015294903
1497854;6586463;13562427;413406;0.22741401568641623;0.03048171245456289
893081;4300106;13909099;498528;0.20768813605990177;0.035841861503753764
1397334;5989881;16227420;432466;0.23328243081957722;0.026650323957844193
1744834;7687743;20518449;654061;0.22696310217446133;0.03187672713468742
1319078;6419482;17556731;431840;0.20548044219144163;0.024596834114505712
1414406;5535625;12595149;372131;0.25550972112453424;0.029545581398044595
1424242;5899426;13112055;402556;0.24142043649670325;0.03070121350162122
1490627;6800352;15875953;468581;0.21919850619497344;0.02951514154772315
1341789;5648816;12731248;365085;0.2375345559140181;0.028676293164660683
1626771;6262933;16674388;509790;0.25974587305979485;0.03057323603121146
1755652;7100890;18608190;611170;0.24724393702761202;0.03284414013399476
1568482;6147866;16008356;403051;0.25512625031189684;0.025177538530502443
1545026;6553327;12448568;478016;0.23576207932245713;0.03839927612557525
1524106;6666793;6771713;218456;0.22861156781078998;0.03226007953969697
1564573;6252064;25626059;600202;0.25024903775777085;0.02342154913480844
1488303;5910601;16096386;543898;0.2518023124890345;0.03379006939818665
1608414;6146327;17070891;526840;0.26168702055715554;0.030861892328877268
1291390;5894193;12607094;343112;0.21909530278360415;0.0272157881903633
1679030;6348245;17918622;592830;0.2644872716790231;0.03308457536522619
1093303;7449860;11083213;543034;0.14675483834595549;0.04899608082962946
5295317;18962942;114811574;2260823;0.2792455411190943;0.019691594856107452
1253854;6075320;12036583;419611;0.20638484886392816;0.034861305737683194
1483472;6114913;13376880;390296;0.24259903615963138;0.029176908217760793
2018092;7763456;20970720;685813;0.25994763157026973;0.03270335973204544
1493985;6394017;14371742;410997;0.23365358584439172;0.028597577106519168
1461175;4790494;14256465;446158;0.30501551614509903;0.03129513522461564
1526940;6892424;13906263;454511;0.22153889545971053;0.03268390652470761
1502029;6420271;15098689;401026;0.23395102792389916;0.02656031924361115
1504300;6141450;17699236;341421;0.2449421553541916;0.019290154671082978
1404451;5540343;15843927;332268;0.25349531608422077;0.020971316012753656
1317982;7199348;7164290;440594;0.18306963352792502;0.06149862721916617
972061;3873109;22185697;405363;0.2509769283539399;0.01827136645740722
1258259;2982473;8801893;325021;0.42188445628845594;0.03692626120312983
1405910;3230963;8298504;458127;0.4351365212167394;0.05520597447443539
1585714;6755235;17039657;436786;0.2347385398139369;0.025633497200090356
1455907;4144208;10961595;421570;0.3513112758819055;0.03845881917731863
1548785;5986837;14425987;424384;0.25869837445048194;0.029418021796359585
1340935;6207495;7707787;195563;0.21601869997478854;0.025372133402233352
1576681;6805927;20209410;654554;0.2316629314419623;0.032388575421053854
1599872;5903459;18020380;467990;0.2710058628339758;0.025970040587379402
1517446;6065061;14734974;458849;0.2501946806470702;0.031140129599142828
1393088;6565635;14488882;365369;0.2121787153870113;0.025217197572593938
1613688;6757819;19040518;685591;0.2387882836163561;0.03600695107139417
1179857;6056861;13172033;313308;0.1947967767462387;0.02378584991398063
1653634;6509098;13152461;405556;0.2540496394431302;0.03083498974070328
1488494;5254643;12166015;339767;0.2832721461762483;0.02792755064004113
1269152;5340969;12947717;350590;0.23762579412087956;0.02707736043350345
5757008;19553396;80729120;1707818;0.2944249684300364;0.021154919067617732
1395317;5870654;13697685;387341;0.23767658594766444;0.02827784402984884
1485277;4476910;17115835;298364;0.3317638728498004;0.017432044653386762
1549178;7100735;14034675;431385;0.21817149914762346;0.030737085112409086
849850;7717777;8441019;629102;0.11011590513693256;0.07452915341145423
1445165;6393219;13783428;394991;0.22604653461738133;0.028656949490359
1184589;4434813;12464800;392596;0.26711137538380986;0.03149637378858867
1010608;3807853;18498985;392937;0.2654010015617725;0.02124100322260924
1486723;6615986;14091591;369211;0.22471676935229307;0.026200803017913308
1510932;5184744;18226724;310121;0.2914188241502377;0.017014631921786934
956171;5623160;26168569;171804;0.17004157804508496;0.006565280661697627
1439073;6096737;13100765;404692;0.23603986853951547;0.030890715160526886
1425009;6174793;14800916;466429;0.23077842447512006;0.031513522541442705
1540235;6782174;17666240;567374;0.22710048429898733;0.032116285072545145
1272786;5239828;12714176;336934;0.24290606485556396;0.02650065564610715
1285431;5462705;12416642;304937;0.2353103453325779;0.024558733351577666
1451999;5837189;13537930;375028;0.24874969784257456;0.027702019437240405
1368460;6048530;12720727;368301;0.22624670787778187;0.028952826359688405
1015911;6845264;13069544;219285;0.14841078444892702;0.016778320651432064
1634311;5821744;16224470;448139;0.28072532904229386;0.027621179613263176
1309662;5833999;12618092;416375;0.224487868441527;0.03299825361869291
1697466;6712933;13971607;445316;0.2528650293396344;0.03187292628543016
1557721;6736300;18065766;525501;0.23124281875807193;0.029088221335314537
1711766;6820448;25808704;414357;0.25097559573799255;0.016054932475493538
1426474;6822918;18008036;448590;0.20907095761666783;0.02491054549202367
1274850;5354532;19683312;677991;0.23808803458453512;0.03444496535948828
3237480;19094370;64332213;1450129;0.1695515484407184;0.022541257829883764
820689;5709081;7518205;230803;0.14375150746678844;0.030699216102779852
1580915;6736712;13559476;459704;0.2346716024078215;0.03390278503387594
1040993;6413753;10056067;430717;0.16230637506620538;0.04283155631321868
1272562;3974184;12952911;266795;0.32020711673138436;0.020597300483265885
939564;6270999;23448419;242163;0.14982684577050642;0.010327476662712314
1221813;5111177;12279296;332741;0.2390472879338751;0.02709772612371263
835263;5168031;13439484;347698;0.16162112804663903;0.02587138018096528
1594034;6517235;15141264;446804;0.2445874669242401;0.02950902910087295
1343171;2065192;6122381;414909;0.6503855331610814;0.06776922246426677
1691889;7050297;19457345;644109;0.23997414577002926;0.03310364286597169
1514225;5641505;14456419;366671;0.26840798687584255;0.02536388852592056
1517099;6171769;14934615;385096;0.24581266732439272;0.025785465510828366
1178778;5188448;11627045;151394;0.2271927944541412;0.013020849235553831
898632;5821606;9430653;422259;0.15436152841672898;0.04477516032028747
1423060;6402066;15126580;413542;0.22228136979531296;0.027338763950608795
1636640;7176814;23774650;448383;0.22804548090559404;0.018859709816968915
1436795;5390706;14747549;359101;0.26653187912677856;0.024349876715107032
1473668;6398329;15285985;486932;0.23032076031101245;0.031854800328536235
1754270;7060472;16200761;457697;0.24846355881023252;0.02825157410815455
1647951;7001073;16390824;442933;0.2353854901955743;0.027023229582600606
1551550;6955728;14299352;496373;0.22306076373314196;0.034712971608783394
1892826;8435653;24201971;835878;0.22438405183333168;0.03453760026404461
1698368;7054038;16114870;481492;0.2407653602092872;0.029878739325852458
1682284;7095740;15915588;454578;0.23708365864589176;0.028561809968943655
1596600;6584096;11365280;549506;0.24249342658430253;0.04834953472329762
1778232;7627535;15798186;504428;0.23313324684842482;0.03192948861343954
1501912;5824042;12639167;367218;0.25788138203673666;0.029053971673924397
1756136;7187777;26384494;538184;0.24432254923879804;0.02039773815635805
1415473;6093103;25066257;472775;0.23230741380869485;0.018861013034375256
1480641;5194402;18571069;427304;0.2850455163077482;0.02300912241508553
1571260;5800723;14726551;396645;0.27087313081490016;0.026934005117695243
4370200;22028860;113379773;1756480;0.19838520922099465;0.015492004909905755
1587525;1877619;15183101;144274;0.8454990069870405;0.009502274930529672
1379891;5367618;13830153;444916;0.2570769752989128;0.03216999840854978
1393216;5213606;12848990;341880;0.2672269442685159;0.026607538802660754
1684878;7257588;17284954;530128;0.23215398834984846;0.030669910952612314
1563547;7321570;25896716;408121;0.21355351379553839;0.015759565807494665
1455917;6502501;12653416;375133;0.22390108052270966;0.02964677680714836
1632697;6344903;19494704;481633;0.2573241860435061;0.02470583805735137
1456652;7570287;25237480;869976;0.192417011402606;0.03447158749605745
1192125;6454684;27404500;331024;0.18469145817208094;0.012079184075608021
1340633;5458857;14090743;357449;0.24558859116478046;0.02536764739801159
1413567;5960681;14416530;455184;0.2371485741310431;0.03157375595930505
1521354;6420832;13993582;392153;0.23694032175269497;0.028023775470783677
1361337;6334538;16479305;333427;0.21490706978156893;0.020233074149668327
1326806;6213169;17278388;445095;0.21354738620501068;0.025760215594186217
1469722;6307408;15666842;511273;0.2330152100514189;0.03263408158453376
1188460;5479482;14102441;354290;0.21689276468104102;0.02512260111565083
1541382;6731414;18069758;577764;0.22898339041396057;0.03197408620524968
1403063;5985877;13162399;383424;0.23439556141898674;0.02913025201560901
1594817;6272535;14758738;350610;0.25425398184306663;0.02375609621906697
1552220;6954382;14148990;370845;0.22320027861569872;0.026209998028127804
1483109;6028240;14293172;463353;0.24602686687988534;0.03241778661867359
1324423;5228539;12760410;338643;0.25330651640926843;0.02653856733443518
1365846;5015072;14123096;434726;0.2723482334849829;0.03078121114520499
967711;5330113;12370696;328694;0.18155543794287288;0.02657037243498668
1426893;4766364;12380821;359875;0.29936719058804573;0.02906713537010187
6152256;21334454;90517816;2012067;0.28837185146617766;0.022228408604113913
1316857;5696508;13458693;381187;0.2311691653904462;0.028322735350304818
1579587;5451877;26026355;357178;0.28973269206183483;0.013723704298969257
1221201;6443771;12706164;448823;0.1895165113719901;0.03532324940871218
1485631;5867226;13680594;417456;0.25320841569763974;0.030514464503514978
1402014;6066457;25575021;697044;0.23110919602660993;0.027254874981334325
1411997;6682152;11725829;289442;0.2113087221003054;0.02468413960326387
1321507;4945313;12675672;345495;0.2672241372790762;0.027256543085053004
1273895;5761747;14018087;378105;0.22109526850102929;0.026972653258607968
1435083;5839506;13518922;298972;0.24575417852126533;0.022115076926991665
1321904;5183165;12565170;341644;0.2550379931952774;0.02718976344928083
1587988;6830856;16256701;494426;0.2324727676882663;0.030413673721378032
1281875;5252064;13052078;328417;0.24407071200960231;0.025162046993589832
883606;3470712;13787365;343546;0.25458926007113236;0.02491745159426765
1327783;6023132;14054995;348075;0.22044726896239364;0.024765216921101715
1244760;5147248;12385803;313447;0.24183019741811546;0.025306958297334457
1528324;6241746;11934368;383985;0.24485520557869545;0.032174724292061384
1222469;5226188;14024111;341649;0.2339121746098686;0.024361544200555744
1767840;12252245;12265788;651747;0.14428702658165912;0.05313535502162601
3558483;9686952;15230248;679404;0.36734805746947025;0.04460885994765154
8161456;18510226;32176677;903323;0.4409160644499964;0.0280738436725458
4236498;14017075;50171356;1071115;0.3022383771221885;0.02134913395603659
1770148;7859648;17562067;444705;0.22521975538853647;0.025321905445412546
6031082;20909309;97572190;2081927;0.2884400436188494;0.021337299080813908
627306;4500056;8750593;304443;0.1393995985827732;0.034791127869848365
1884866;5834116;12693047;393532;0.32307653807363446;0.03100374559394604
2188854;8591268;15652427;537968;0.254776594095307;0.034369622040083626
5478188;15330305;48662683;1031315;0.3573437058166814;0.021193138898650533
2537123;9951708;13869942;438379;0.2549434730199077;0.0316064046987363
1279640;5819188;13461759;347988;0.2199000960271433;0.025850113644138185
1333861;5067052;13373925;378965;0.26324201922538;0.028336109257379564
1462438;7232328;17630237;568310;0.2022084728458112;0.03223496087999271
1679729;5344663;24035421;539861;0.314281555263634;0.022461058618444836
1333674;5698856;7917187;367602;0.23402486393760433;0.04643088511108807
1552752;6082233;16971740;401883;0.25529308068270323;0.023679540223925183
1683393;6182096;15024039;447944;0.272301335987018;0.029815151571424968
986294;4313570;21898536;553990;0.22864912357977268;0.02529803818848895
882707;3851633;18869260;537704;0.22917733854705263;0.028496295032237617
1644409;7321995;14591477;331502;0.22458482968098176;0.02271887897297854
1273968;5152635;13604877;331628;0.24724592368758896;0.024375670577543626
1405592;5279544;15389609;416485;0.2662335989623346;0.027062740840264363
1336562;6340642;13289270;369741;0.21079285031389566;0.027822521477853936
2077938;8237827;14838973;502136;0.2522434617769953;0.03383899950488487
1385331;5801848;13799862;239954;0.23877409404727598;0.017388144895941714
1254372;5607521;13096637;394737;0.22369457020312541;0.03014033297250279
1750284;5860502;13287310;357266;0.29865769178135254;0.02688775982497586
1422963;5483545;12949877;390255;0.25949691303709554;0.030135807467514944
4111622;15432261;109900313;2347183;0.26643030467149303;0.02135738230336068
1106270;5851590;11784523;392384;0.18905459883553016;0.03329655345405155
597110;6037449;7246794;446314;0.09890104247671491;0.06158778626796898
1431606;6220922;17437954;476979;0.2301276241688933;0.027352922252232115
1479152;5210055;14168744;365984;0.28390333691295006;0.02583037706094485
1909070;7452450;18126883;506270;0.25616676395011034;0.027929236372298535
1305889;3446139;16852245;529071;0.3789426369626994;0.03139468955026467
1175788;5399401;13857383;350970;0.21776267404476904;0.025327293039385575
1491664;3556538;10635066;503433;0.4194146105004361;0.047337082816411295
1560906;2146451;7024790;409449;0.7272031833011795;0.05828629752633175
1609684;6613384;17963345;437647;0.2433979336448632;0.024363335447824444
1514084;5792061;12754865;360931;0.26140677731121964;0.028297516281042566
1718678;6687877;16827419;365952;0.2569840922612662;0.021747363633127577
1429531;4944070;13884383;239056;0.2891405259229744;0.017217617808439886
1390801;4208883;11431544;397940;0.3304442057429489;0.034810695738038536
921251;5267756;9492040;363250;0.17488490355286007;0.03826890742137622
2362940;8875323;18623278;619117;0.2662370710339218;0.033244254851374715
1384637;6655307;13037027;535284;0.20805005689444528;0.04105874751966073
1442476;5362044;8319892;217218;0.2690160692452356;0.026108271597756316
1418338;6802949;18344597;550030;0.2084887010030503;0.02998321522135373
1437467;6791000;13564304;386447;0.21167236047710206;0.02848999845476775
1665138;4211244;19959879;641670;0.39540287857934614;0.03214799047629497
2887317;12502622;30596339;1116358;0.23093691867193938;0.036486652863925974
1449174;6126637;15807484;421737;0.23653661870288709;0.026679577850592794
1351900;5569777;14630839;366896;0.24272066906807938;0.025076894086525046
4216557;14024659;72717572;1406330;0.3006530853976557;0.01933961711482886
935351;1723287;9951366;167361;0.5427714594260852;0.016817892136617225
1220304;5211492;12973377;334746;0.23415636059692693;0.025802533912334467
2587821;9568023;32359172;1166217;0.27046559148112415;0.03603976640687839
1409637;5523252;15547773;338363;0.25521866465625687;0.021762795224756624
1668634;6047975;15731712;396244;0.27589961929406126;0.025187595603072318
1211986;5163406;12766364;325194;0.2347260703496878;0.025472718778815958
1525659;4053140;13523890;272765;0.37641408882989486;0.020169122937261395
1739164;6544307;15630162;470775;0.2657522026396378;0.030119649431656563
1743356;6649669;15788367;375067;0.2621718464482969;0.023755908384952035
1353671;5493681;13546486;352535;0.24640509705605404;0.026024092152016398
591298;6376535;6403113;384191;0.0927302994494659;0.060000659054431804
1322192;5422191;12969573;343316;0.243848289372322;0.026470879187772797
1871757;9339952;22498515;461627;0.2004032783037857;0.020518109750799107
1370010;4966674;8731178;370657;0.27584053231599254;0.042452118144882624
1312159;5089441;14048739;357970;0.2578198666611913;0.025480578719556255
1576019;6274240;15333551;415895;0.2511888292446575;0.02712320192498137
1676165;6739310;11756920;383971;0.24871463102305727;0.03265914882469218
1478139;8365709;14514579;604088;0.1766902243432087;0.041619395230133784
1538990;5866868;14286576;386673;0.26231883860349337;0.027065477410402605
727514;5303596;15902674;187473;0.13717372137696762;0.011788772127253568
2002116;6297769;14076755;426590;0.317908770550333;0.030304569483520883
1447557;5745984;14296520;469199;0.2519249966585358;0.0328191056285026
1581798;6825845;16849153;512138;0.23173658352921872;0.030395474478746794
4091525;13063697;60760388;1333078;0.31319809392394815;0.02193991914600677
903918;3940713;12685539;253394;0.22937930267948972;0.019975028258554878
1208074;6101718;14446921;395493;0.19798915649658014;0.027375590965022928
1236871;5414935;12860858;328427;0.22841843900249956;0.025536943180618277
1504601;6229425;12633393;351502;0.2415312809769762;0.027823245900764744
1217887;4660472;12083411;305605;0.2613226728966508;0.02529128571394286
1248333;4571213;12979824;322600;0.27308572144855203;0.024853957958135643
562239;4838133;9386311;312798;0.11620990989706154;0.03332491326997369
1764242;6614419;15667945;447963;0.2667266769764661;0.028591050070701677
1338909;5088498;15910252;370709;0.2631245998327994;0.023300008070268153
2017150;6774400;18757199;489660;0.29776068729333965;0.026105177004306455
1347356;5925993;15995244;400246;0.2273637515265374;0.025022813031173517
1477371;3729943;11818919;453473;0.3960840688450199;0.03836839900501899
689463;2864063;20766663;392091;0.24072899234409298;0.018880789850540744
922309;6318365;9526622;484683;0.1459727318697163;0.050876690604497586
1281643;5264571;13085160;396980;0.2434468069667975;0.03033818463052802
1325892;6274056;15748130;613789;0.2113293218932059;0.03897535770913753
1403715;6375352;18415334;564841;0.22017843093212736;0.03067231905758538
1640177;6397062;16299854;429553;0.2563953577439143;0.02635318083217187
1230157;8260157;25820778;334324;0.14892658819923157;0.012947867023991299
1454026;2587540;11973669;653872;0.5619337285607179;0.05460915948152567
1317876;5672034;12836829;346053;0.23234628001172067;0.026957825799502354
1639046;7262385;23498847;861455;0.2256897699584916;0.036659458227886674
1425958;5750749;13412716;368956;0.2479603961153582;0.02750792606061293
872513;6264829;9381048;443499;0.13927163853953556;0.0472760612673552
6111333;14573711;70029254;1472279;0.4193395216908034;0.02102377100861306
1903137;7409776;9885921;297743;0.25684136740435876;0.03011788178359912
1468498;5837473;14534666;440106;0.25156399010325187;0.030279746366376772
1752958;6211518;17315708;437618;0.2822108862922075;0.025272890949651034
1755204;6223704;70650317;858609;0.28201919628568456;0.012152939101462206
1230587;4907173;12502629;328595;0.2507731029658013;0.026282072354542392
1755721;6660705;21479065;941317;0.26359386881718977;0.043824859229207605
1806095;6316437;33819237;992936;0.2859357261063476;0.029360094670379464
1713464;6742746;15992089;448725;0.254119612395306;0.028059186013784692
1494244;5832122;15723121;438719;0.25620931798065955;0.027902793599311485
1444049;6149423;14729824;218430;0.2348267471598555;0.014829097754324831
1086819;5117290;13391767;382358;0.21238174893351755;0.02855172136731471
1451972;5777664;15057223;431145;0.25130779498427047;0.028633766000543393
1576589;3496817;8868060;457280;0.450864028629465;0.051564829286224946
837783;5586463;17128053;228332;0.14996662467826244;0.013330878880395804
1735536;4765879;15396049;505298;0.364158636843277;0.032819978684141625
1323400;5414950;13255498;342816;0.2443974551934921;0.025862174321930418
1921874;5521598;22423274;383265;0.34806481746769685;0.01709228545305204
3133640;11304837;57685768;1697578;0.2771946203204876;0.029428021136859963
1621966;6365992;21547134;689940;0.254786056909905;0.03202003570405233
1218343;6568572;22565892;372947;0.1854806493709744;0.016527022286555303
1421822;5426554;8283305;181047;0.2620119508623705;0.021856855445984424
968329;5795779;10236802;425423;0.16707486603612734;0.04155819366243481
1244298;5982244;13471176;291222;0.20799853700384002;0.021618157167570224
1192567;4614008;11948370;280778;0.2584666086404705;0.023499272285675787
1176980;4681706;17357375;521977;0.2513998102401133;0.030072346769024694
1344238;5349334;24653063;484867;0.2512907214243867;0.019667616961024276
1614213;7000965;16151152;450445;0.23057007141158398;0.0278893418871917
1538299;5805033;15109081;445441;0.26499401467657463;0.029481673968125528
1715886;6431763;11263980;318429;0.2667831510582713;0.028269670223136048
1222364;4948825;13296758;323101;0.2470008537380085;0.024299231436715626
1392349;5664912;10679087;349410;0.24578475358487475;0.03271908918805512
1535343;4820982;16919315;334967;0.31847100860364136;0.019797905529863356
1554781;6272061;20087791;534122;0.247889967906881;0.026589384566974038
1333390;7331220;22864005;359275;0.18187832311675273;0.01571356374353487
3455422;12855897;93330269;1188263;0.26878108933200073;0.01273180729823033
1167643;5810461;12299925;327232;0.20095531146323845;0.02660438986416584
1408303;5252945;18586733;379848;0.268097800376741;0.020436512430667617
1096912;4199595;13493934;359712;0.26119471044231646;0.026657311351900786
1347651;5641775;14787326;356948;0.23887003646901905;0.024138779384453957
1573970;7418982;17100202;494659;0.21215444383070345;0.028927085188818237
1445895;6632710;14032504;368437;0.21799460552323258;0.026255969711464183
3619467;8315066;31049539;571812;0.4352902310095915;0.018416118835129888
2599288;6930234;34737680;761663;0.3750649689462145;0.02192613323630133
4026681;10590095;21743561;909221;0.3802308666730563;0.04181564372091581
3986468;20019439;66405065;2356779;0.1991298557367167;0.03549095238443031
5505834;20009471;64978100;1857452;0.275161397320299;0.028585815836412575
2696796;9124323;52493652;1022922;0.2955612158841812;0.019486584777908003
2212104;9521525;35446867;886357;0.23232664935501404;0.0250052282476756
3270039;15624908;52860467;1567686;0.209283728262592;0.0296570592159165
1432335;10105681;52983409;737366;0.14173562375459903;0.013916922559663912
1660941;9445543;28113299;1160579;0.17584388742923515;0.04128220597660915
5122730;18904759;121634546;3993110;0.2709756839534426;0.032828749161443
2073791;13377101;64096230;504539;0.15502544235854987;0.007871586207176304
1926091;10406995;50351547;619499;0.18507657589919088;0.012303475005445215
2214851;10885288;54801271;807387;0.20347197060840283;0.0147329977072977
2070026;4614832;40688486;1345705;0.4485593408384097;0.03307336134355061
1935897;4729413;56647026;2090427;0.40933134830897616;0.03690267870373283
1934060;4653210;57120542;1604068;0.4156399560733343;0.028082156503346903
1395466;4817221;57413978;778664;0.2896827859880209;0.013562272239697448
886067;3851275;57451254;728009;0.2300710803565053;0.012671768661481262
1161397;4731979;59147217;1109623;0.24543578912755107;0.01876035858119918
1979127;7729682;73376554;1163190;0.25604248661199774;0.015852338881981294
1006407;3627313;55927013;906212;0.27745248342230183;0.01620347576939251
1078207;4286272;41577556;763868;0.25154889843668343;0.018372123652482125
1987234;8717285;52826262;1056948;0.22796478490722744;0.020008002837679485
1682642;5051200;40971399;878301;0.333117279062401;0.021436929698202396
1923763;10232476;45877737;1069913;0.18800562053602668;0.023320962845224908
1771066;6230754;49181948;1081169;0.28424585531702906;0.021983045486526884
8372135;21062362;125940338;2416092;0.39749269336459037;0.019184417307185567
4571447;7252881;41502194;526167;0.6302939480187253;0.012678052635000454
3086583;5808957;47479518;859828;0.531348915132269;0.01810945090049145
1936590;3030306;45127258;202057;0.6390740737074078;0.004477493403210982
4584105;9340592;26776826;675463;0.49077242641579893;0.025225655945928765
2292966;7941496;38124144;657503;0.2887322489364724;0.017246367551229477
2895630;8569409;39410930;812943;0.3379031156057553;0.02062734880907403
1883876;7548996;49959027;910801;0.24955318561567658;0.018230959542106375
2684465;8267127;50884287;1032439;0.3247155874102333;0.020289937441788267
1859400;6811317;42038241;792775;0.2729868540841661;0.01885842464245828
1622392;6571365;40467773;719054;0.24688812750471173;0.01776855869978316
1947572;8222154;38813003;732441;0.2368688302359698;0.018871021136911255
1529966;5358175;38377317;846524;0.2855386395554457;0.022057925518868347
2034688;9129262;44160105;914885;0.22287540876798145;0.02071745526873181
2416048;6316824;39669617;728252;0.382478283390514;0.01835792868885021
2227291;6551393;45823475;606120;0.33997212501219204;0.013227281431624292
7223476;20963725;132860601;2393095;0.34457025170860617;0.018012074173892983
2121821;7411614;41612004;557099;0.28628325760084106;0.013387939691633212
3222463;6796658;56459652;947337;0.4741246359607913;0.016779008839799436
4816976;9071029;35223778;460961;0.5310286186936455;0.013086642778636635
1913663;4628539;36159219;556813;0.41344860656894106;0.015398922194641427
3091105;7807621;45546624;929821;0.3959086897276392;0.020414707355697757
2989038;8244954;51008230;828146;0.36252937251075024;0.01623553689277201
3946614;7393486;44498555;717291;0.5337961010543606;0.01611942230483664
2482832;8910629;30724738;519361;0.2786371197813308;0.016903675468282267
2597035;6858590;34645705;857933;0.37865435898632227;0.024763040613547914
4596835;8826910;44501219;821194;0.5207751070306597;0.018453292257005365
5927033;16764751;28409457;1187325;0.3535413678377925;0.04179330143480039
1240928;3214270;8811372;455817;0.3860683763342843;0.05173053640227651
1224156;7011028;19888462;331992;0.1746043518867704;0.016692693482281334
1386554;5474962;21661099;515657;0.25325362988820743;0.023805671171162644
1582627;5934085;16533680;504647;0.2667011005066493;0.03052236404720546
1273511;6683143;13742651;349134;0.19055570111248554;0.025405141991890794
5250090;18863226;81356544;1743898;0.2783240788187556;0.021435251723573707
1598661;5961335;16854054;598992;0.2681716427612271;0.03553993597030127
1176302;5282667;13832133;351635;0.2226719950358408;0.025421603450458435
1792454;6809530;16219491;459360;0.26322727119199124;0.02832148061859648
1239085;5514026;12948226;315277;0.22471511741148845;0.02434904982350478
1070473;3313662;22874497;1721727;0.32304833745867867;0.07526840918075707
386766;1209310;5885069;94552;0.3198237011188198;0.016066421651131025
1972005;6992914;17370969;509385;0.2820004650421841;0.029323925452863338
1208265;1981207;6270440;330720;0.6098630784163391;0.0527427102404297
1291336;5116844;13889535;406352;0.25236962471398383;0.029255983011670296
1623970;7245056;13765891;381964;0.2241487160347691;0.027747132386853855
1569685;5861143;14400595;383379;0.26781209740147954;0.026622441642168256
1720936;6740502;17264281;484204;0.25531273486752176;0.028046577786818926
1415276;6932270;15410588;420292;0.2041576568714144;0.027272937281822084
1231133;4998581;13380209;328870;0.246296498946401;0.024578838790933685
1382469;5004166;13745179;316452;0.2762636171541871;0.023022763108432417
990643;4882282;13034835;237581;0.2029057313772535;0.01822662120387408
5827485;18720792;101819468;1702570;0.31128410592885175;0.016721458415005663
1248977;4975130;13114097;324435;0.2510440933201745;0.024739408287127965
1412121;9058525;18847080;1039483;0.15588862425174077;0.05515353041426046
1207040;4768418;12490195;320208;0.25313217087931467;0.02563674946628135
1788968;6565785;16933833;429420;0.2724682577940033;0.025358700537556973
1448344;6243168;17877815;409575;0.23198863141276993;0.02290967883938837
1594653;3785581;12854237;327871;0.42124392530499283;0.025506842607616462
1483638;6303239;16442642;540331;0.2353770815290361;0.032861568110526276
1305531;5179881;14777064;336442;0.25203880166359033;0.022767851584049443
2182220;7430810;18330562;505528;0.29367188772152697;0.0275784234002209
1288066;4983082;10438644;256081;0.2584878193856734;0.024532017760161187
2110608;8472910;30434533;923053;0.24910072218399582;0.03032913302793245
1265864;5455241;13275878;338021;0.23204547700092443;0.025461291524372247
1091147;5076345;15730359;284960;0.21494736862841277;0.018115289040765058
1429415;5782855;13918046;385216;0.24718153922240832;0.027677448400443568
1367042;5276808;14559079;404123;0.2590660869222454;0.027757456361078885
3692042;13899969;74542218;1672914;0.2656151247531559;0.022442503656116056
388408;1371158;5610767;107431;0.283270053487636;0.019147293052803653
1777677;8003727;17409702;735752;0.22210615129676461;0.04226103353176292
1288710;5505053;12894862;320408;0.23409583885931706;0.024847726171865973
1694307;7354265;17609737;493585;0.23038427361537828;0.02802909549415758
1258194;4771658;12733763;312601;0.2636806745160697;0.024548988386229584
2119637;3607587;27848090;300989;0.5875497943639336;0.010808245736063048
592392;5671156;6294096;388072;0.10445701017570315;0.061656511117720476
2106329;7439687;26659291;1787275;0.2831206474143334;0.06704135530085928
1648048;6481054;15617668;433739;0.2542870341768484;0.02777232810942069
1001920;4377126;13396768;339646;0.22889905385405857;0.025352831369476577
1545967;5788597;15447966;389017;0.26707110548549157;0.025182409127518793
898907;3534226;16951285;366668;0.2543433838130329;0.021630690534670382
1671638;4659299;22698197;308853;0.35877457102452537;0.013606939793499898
1533175;5938823;22250693;487324;0.2581614235682727;0.02190152010096944
1270248;5401345;17024552;291695;0.23517253572952662;0.017133784195907182
6134322;22913867;104141101;2405161;0.2677122111252544;0.023095213867577607
969623;5229583;16802897;244890;0.18541115037279263;0.014574272519792271
1347815;6926309;14325607;371475;0.19459354181281835;0.025930838393095665
1123530;5667096;21858295;284349;0.1982549792698059;0.013008745650106745
1378683;6503907;13980720;463442;0.21197766204221555;0.03314865042715969
1474486;5768643;14280791;361733;0.255603614229551;0.02533003949150996
1620591;6076122;15492049;396523;0.26671469071884996;0.025595258574253155
1761787;5317205;16623479;849754;0.33133704643699086;0.05111769924935689
1593548;4476097;19312789;306457;0.3560128388638584;0.015868086168186274
1363385;5627993;15109564;285737;0.24225065667281392;0.018911002329385546
1350182;4965730;13560996;380093;0.2719000026179434;0.02802839850406268
1424706;5928241;14193864;371514;0.24032524993501445;0.026174267979459293
2292151;8440421;11376272;322838;0.2715683257979667;0.028378189269736166
1258890;4800967;12761524;318515;0.2622159244168935;0.024959009597913227
1537871;7001845;8380811;295310;0.21963796685016593;0.03523644668755804
1727912;5958482;18333643;452362;0.28999198117909897;0.024673874144925806
5876739;15600540;72833804;1547727;0.3767009988115796;0.021250118969482906
1112123;3742114;11671532;127993;0.29719110641738866;0.010966255329634533
1864766;7442601;21032044;666623;0.2505529988776773;0.03169558793239497
1177394;4611085;12795462;313608;0.255339903731985;0.024509314317841747
1596204;4706277;10263892;602984;0.3391649067830049;0.058748085034409946
1259666;5843334;13094361;408366;0.21557316422439654;0.031186401535745045
1563670;6557440;19954502;386558;0.23845738580909623;0.01937196929294452
1222527;5272381;13702590;345563;0.23187379667744043;0.025218808998882694
1952554;7954646;14384997;430164;0.24546082880369535;0.029903655871461078
1351272;5829372;10455888;238758;0.23180404338580554;0.022834789355050476
938036;3704595;19693015;383639;0.25320878530581614;0.019480968251941108
1363700;5825485;15088330;400322;0.2340920970528634;0.026531895842681067
1285568;2852993;13268981;217413;0.4506032787321946;0.0163850562450877
1570176;6184398;15913269;413241;0.25389310325758463;0.02596832869475153
1393073;5353829;15991937;487528;0.26020125035745445;0.03048586296957023
4239381;17198785;80616690;1766474;0.24649305168940713;0.021912013504895824
1154606;1924732;6103198;286230;0.5998788402749058;0.046898363775843416
1407160;5810582;17982509;428571;0.24217195454775442;0.023832658724096845
1337444;5111793;13300760;329689;0.2616389200423413;0.024787230203386874
1370242;6225420;13959076;372202;0.2201043463734174;0.026663799237141485
1307627;7321581;17971029;730904;0.17859899385119143;0.04067123813555696
1129126;4991709;13044364;321630;0.22620028531310618;0.02465662565074081
1300822;7029798;25287015;350475;0.18504400837691212;0.013859880258701947
1686072;6353784;25784863;1879937;0.26536501712994964;0.07290855103631926
1910446;3721536;20250696;261800;0.5133487893170992;0.012927950723273907
1219532;5024740;14779386;312956;0.24270549321954968;0.021175169252633363
1858019;9637504;25443602;689654;0.19279047770045024;0.027105203107641754
2035037;4091147;45182175;722441;0.4974245608872035;0.01598951356370073
3692464;6765212;76326480;1160245;0.5458016688907901;0.015201080935476128
1601916;6179442;18653263;497416;0.259233115223025;0.02666643364219976
1457467;6076383;19939108;545900;0.23985765874205098;0.027378356143113323
1286025;2862295;8091404;338961;0.449298552385411;0.04189149373829313
1408138;5325503;22008609;287353;0.26441408445361875;0.013056390796892253
1234878;4825413;12980441;340498;0.2559113592971213;0.026231620327845564
1760536;4105117;22304042;285833;0.4288637814707839;0.012815300473340214
1425563;5830009;16390187;497008;0.24452157792552293;0.030323510036828743
1356405;5276330;13584244;391027;0.2570735719714271;0.02878533395012634
1372547;5305298;13071146;237095;0.258712517185651;0.018138807415967965
1299474;6683695;15361426;449287;0.19442449124324196;0.029247740411599808
818989;5361515;12690221;318280;0.15275327962339003;0.02508072948453774
1334532;5502246;14088370;422150;0.24254313602118116;0.029964431655329894
1884925;7860811;23111861;731063;0.23978759952376416;0.03163150730267891
1755884;6880021;21150036;655035;0.2552149186753936;0.03097086926944238
1556475;6174894;15891662;405476;0.2520650556916443;0.025515015358368434
4106357;14450566;78947722;1692998;0.28416582436978594;0.02144454529036316
1163903;3319163;10384508;258471;0.3506615975172054;0.024890057381630405
1195956;4865159;12935341;304497;0.24582053741717383;0.02353992832504377
2073730;7146693;18569549;476267;0.29016637485337626;0.02564774190261702
1433138;5383289;15808788;397837;0.2662197775374868;0.025165559813946522
1290881;5171524;13751791;334540;0.2496132668049109;0.024327013114146367
1031317;3853343;19518466;392804;0.26764214864858904;0.020124737261627015
1451329;6551507;19482778;722092;0.22152597867940918;0.03706309233724266
2169412;6699879;25750703;483498;0.32379868352846375;0.018776108753225107
1317441;5361998;13885684;405691;0.24569964405059458;0.029216493764369116
863512;6338432;13450538;423453;0.1362343241987924;0.031482235134386444
1529573;5855756;15953302;498382;0.2612084588223963;0.03124005299968621
428418;1362105;5607388;99836;0.3145264131619809;0.017804368094378346
1189163;4882941;12980709;317364;0.24353417335986652;0.024448895665098107
1445809;6322998;19764638;625673;0.22865877863633674;0.03165618312867658
1374295;5964583;17350009;489234;0.2304092339732719;0.028197910444887953
5133579;19650880;82085109;1593956;0.26123914043544105;0.019418333232645156
1372677;4988249;12721423;355405;0.275182133049092;0.02793751925393881
1623533;6428015;9159163;419027;0.2525714392390186;0.04574948606111716
1820015;6537045;18507118;435515;0.27841555320485023;0.023532297141024335
1402784;6117806;14282462;385275;0.22929527350164422;0.02697539121756459
1688732;4365197;19012995;307539;0.38686272349220435;0.016175200172303207
1335194;4884364;13057406;309761;0.27336087154847594;0.023723012059209923
1772308;6913480;16300773;485328;0.25635541001058804;0.029773311977290894
1205312;4808466;7252245;319432;0.2506645570541624;0.044045947151537215
2070867;5889938;19286603;568927;0.35159402357036695;0.029498559181209878
1313999;5657974;13080782;335164;0.2322384302225496;0.02562262714874386
1074595;5214046;11831705;358382;0.20609618710690317;0.030289970887543257
1332187;5247133;13616766;316661;0.25388855209120864;0.02325522815035523
1466572;4054956;22171953;280081;0.36167396144372466;0.012632220535556791
1189843;7671281;11757890;443768;0.15510356093069724;0.03774214591223425
4041003;10600142;34591971;955506;0.38122159118245774;0.027622190131923966
1098540;3760967;7691580;262359;0.2920897737204288;0.034109896796236924
1096866;7359219;9030494;643013;0.1490465224638647;0.07120463177318982
1437751;5968700;20086730;654041;0.24088176654882973;0.03256084987451915
1349924;5072506;12925033;401613;0.2661256585995167;0.03107249319982394
1342804;5603680;13928741;365552;0.23962895811323986;0.026244439465131844
1565801;6278885;14143759;422351;0.24937564551668012;0.02986129783461384
1360951;5382833;15705753;233898;0.2528317337729036;0.014892504676471099
1073646;6119798;10701884;389341;0.17543814354656803;0.03638060363950871
1662681;5921772;16277824;390065;0.2807742344690069;0.023962969497642927
1603710;6550149;16829510;433885;0.24483565183021028;0.02578120218592223
1371949;5260746;16201662;242463;0.26078981954270364;0.01496531652123097
1670122;6799020;16428977;521239;0.24564157775679435;0.03172680806601653
1257408;6046376;13553454;345468;0.20796060317783743;0.02548929593888023
1699175;7334850;12640461;489759;0.2316577707792252;0.03874534322759273
4821510;17051067;102463509;1751829;0.2827688144090924;0.017097101369034706
1822734;7003114;17501075;462369;0.26027478633076656;0.026419462804427727
1345039;4125513;13822852;361353;0.3260295143900892;0.02614171084230664
1539793;6501037;17663127;389812;0.23685344353523907;0.022069251950688006
1330532;5297592;14076590;374002;0.25115788456340166;0.026569076743728416
1823021;7335975;14929277;375232;0.24850425471733478;0.02513396998394497
1409274;5785522;14434349;373959;0.2435863177082379;0.025907576434517413
1310731;5373654;13594668;359420;0.24391801184073258;0.02643830654783184
1668397;6825086;17320436;448492;0.24445069263596092;0.025893805444620447
1375706;5625659;17361110;436932;0.2445413061829734;0.02516728481070623
1882687;7864365;17878595;509711;0.23939466187034808;0.02850956688710718
1253626;5307187;10295450;215063;0.23621289394928047;0.020889130635377763
1382137;3627048;8620907;381036;0.3810638844592076;0.0441990616532576
1510051;5615682;12780049;314128;0.2688989511870508;0.024579561471164937
1520727;6156697;14915160;442520;0.24700370994382215;0.029669142000488095
6334782;18647912;92873939;2220868;0.3397046275207648;0.023912714631388683
1300330;3174672;12919337;224065;0.40959506997888284;0.01734338224941419
1601246;3673977;8961008;455022;0.43583451937777506;0.05077799283294915
1292837;6228222;14474110;416929;0.20757721866690043;0.028805156241040037
1254242;5062549;15011564;313007;0.24774910820616255;0.02085105855725626
1855713;6062786;29684442;1485195;0.3060825501675302;0.050032774744426724
1240701;5197766;8480010;172847;0.23869889487137358;0.02038287690698478
2048739;5931490;21782302;398582;0.3454003968648687;0.01829843328772138
1298800;5040510;13298648;315459;0.2576723387117573;0.023721133155791475
1459149;6264201;21889627;678685;0.23293457537521545;0.03100486819624656
1481670;4854625;12977756;326677;0.3052079202822051;0.025172071350393704
1344934;5373096;12249943;307287;0.25030894664826386;0.025084769782194087
1241202;4909990;13188709;279146;0.25279114621414706;0.021165528786782694
1268573;3331811;13972993;152234;0.38074578660074054;0.010894874133265507
2072105;8568507;29820599;891799;0.2418280104106818;0.02990546903501167
3482022;14207788;77972615;1496862;0.24507840347843027;0.019197278429099754
1207471;5017574;19057641;252422;0.24064836911224427;0.013245186012266682
1611981;6062141;19389663;504202;0.2659095194255627;0.02600364947033891
1212524;4514435;12700578;296337;0.26858820649760157;0.023332560140176296
1172693;4037683;18832024;435620;0.29043711455307414;0.02313187366371241
1428601;5869484;16774647;485838;0.24339464934225905;0.02896263629273391
1778308;4268996;16770293;297072;0.41656351985338;0.0177141806645835
1557277;6115662;14427506;392723;0.2546375192088771;0.027220435742670978
1692486;7474885;16906965;434897;0.22642301520357838;0.02572294909228238
1343709;5186724;16791180;440258;0.2590669948892596;0.026219598622610203
1663735;6500626;21398341;594385;0.2559345823002277;0.027777153378385735
1364648;5240077;15444115;349463;0.2604251807750153;0.02262758338694059
1231323;5090990;12958643;341218;0.241863173960271;0.02633130644929411
1806419;5881005;15624361;392718;0.30716161608432574;0.025134979920138814
5640088;21871608;111728002;2093488;0.2578725807448634;0.01873736182984817
1825432;6855268;18905423;542569;0.26628163917151015;0.028699119823978547
1584618;6193499;14891489;393412;0.2558518214017634;0.02641858043879964
1592140;6851757;25351359;424198;0.23236959512720606;0.016732751881269953
1487067;5855654;14430709;400332;0.2539540416834738;0.027741672290668463
1436567;5487436;16098474;417401;0.26179202818948594;0.025927985472411857
1332526;5372367;14820468;346934;0.24803331566886624;0.02340911231683102
1112798;6946186;11404628;485833;0.16020273571712593;0.04259963586712342
1408543;3308485;8634880;377088;0.4257365531353475;0.043670323154461906
868824;3314426;16131931;339600;0.2621340769110549;0.021051416597306298
1717592;7126453;13746419;396272;0.24101639342882075;0.028827289492630772
1321484;3166943;8949547;434103;0.41727432416687005;0.04850558357869957
1717074;5337058;16982970;440974;0.3217266891234834;0.025965658539113007
936255;3534589;14978631;353509;0.26488369652030264;0.023600888492412958
1206149;4776600;13282265;311903;0.25251203785119125;0.023482666548212974
6457707;20008195;96446479;2360380;0.3227531019164897;0.024473469892042403
1426422;1733407;24948257;139626;0.8229007959469414;0.005596623443473426
1686306;6583607;15693836;460181;0.2561370993134918;0.029322404031748517
1511373;6382912;20348881;476491;0.236784245184643;0.02341607875145567
559870;6669854;7673190;487413;0.0839403681100066;0.06352156013339953
1547522;6198050;15500066;487716;0.24967885060623907;0.03146541440533221
1221382;4638910;13249395;320092;0.26329072993440267;0.02415898990104831
1797564;7022381;17526757;463698;0.2559764273684381;0.026456577220760235
1017838;4301990;22401921;726014;0.23659701672946706;0.032408559962335375
1945719;7826848;21391851;511892;0.24859547547109642;0.023929299058786452
1565454;6983757;15700085;410894;0.22415642468659777;0.026171450664120608
1480301;6303898;15898212;490804;0.2348231205517602;0.030871647704785923
1588303;5637638;13729782;509891;0.2817319948531637;0.037137588928942936
1397155;2859048;14267227;381188;0.4886783992433845;0.026717735688932404
1205126;4957137;27223334;560742;0.24310927860174128;0.020597844481502522
3592193;11754900;56646524;1234153;0.30559111519451465;0.021786914939387985
700374;2615670;13581215;337627;0.2677608413905424;0.024859852376978055
1368467;4820760;13166030;306809;0.28386955583766876;0.0233030761740631
1558724;5130969;16428231;402927;0.3037874522336814;0.024526499536072995
1917829;6458277;18514198;501254;0.296956757971205;0.027074032588395133
2105500;8642335;33877670;812810;0.24362628849726375;0.02399250007453287
1353543;6765467;26225863;366403;0.20006645513162655;0.013971055976308577
1396276;4869660;13926745;328222;0.2867296690117996;0.023567746806594073
1627273;6163452;11763792;288057;0.2640197408854648;0.0244867471305171
1338012;5098686;15640598;350856;0.26242290660770246;0.022432390372797765
1343687;5208523;15830217;430324;0.2579785094545997;0.02718370822080329
1478884;6181489;15279940;426570;0.23924397503578831;0.02791699443845984
1418461;5978723;18562446;519250;0.2372515000276815;0.02797314534948681
1452210;5577001;15260594;399258;0.2603926375483885;0.026162677547151833
1328238;5198062;13685289;343120;0.25552561704727644;0.02507217786924339
1614333;5727535;14017161;487536;0.28185475950823524;0.034781365499047916
1319297;5241016;14584637;414720;0.25172542880998644;0.02843540089479087
1409258;5194613;29603423;518877;0.27129220213324845;0.017527601453385982
1523070;6380174;22476046;689448;0.2387191948056589;0.03067479039685183
1627410;5865760;16667844;448213;0.27744230926597746;0.026890880428206552
1588801;2974124;10427672;573705;0.5342080558846908;0.05501755329473348
1166737;4680365;12989852;315553;0.24928333580821155;0.02429227061247503
1270251;5940322;15022176;441328;0.2138353779475254;0.02937843359044655
1337225;5922275;15967304;380661;0.2257958301497313;0.0238400296004886
6303609;21541393;70616942;2276436;0.2926277330347206;0.0322364001545125
1339353;2903696;14589592;217608;0.4612579967048892;0.014915290297357185
1881496;6528180;17862921;476478;0.2882114157391493;0.02667413688948185
1843832;7572780;23590262;758313;0.243481521977398;0.03214517074884544
1038104;7255777;26769217;266450;0.14307275430322625;0.009953597073832978
1320883;5540289;13924268;340388;0.23841409717074327;0.024445665653663087
2404220;8866525;35141111;840873;0.2711569639740485;0.02392846942147048
1365171;4160270;12806049;450773;0.32814480790910205;0.03520000587222492
2346320;8752192;19837345;629877;0.2680836983466542;0.0317520817427937
1545870;5330069;13764807;370769;0.29002814034865215;0.026936011525624734
1912777;7416084;19531122;372651;0.25792277973118966;0.019079856241745866
1309814;4816364;15567348;351144;0.271950791094693;0.022556443139833453
1235867;6173503;14317241;393546;0.20018893649197222;0.02748755853170314
1537787;5419147;14126670;369872;0.28376919836276815;0.02618253275541936
4115182;17153313;85138042;1526232;0.23990595869147843;0.017926557437156
1068658;4191658;9871915;309051;0.2549487577469345;0.03130608397661447
1262684;5057194;13290907;341146;0.2496807518161257;0.02566762373704067
1136185;6592703;16275103;304682;0.17233978233207228;0.018720741736626797
1740978;6804071;21192686;681647;0.2558729913312192;0.032164257046039375
1617430;6598205;16298162;430763;0.24513181994193875;0.026430158198206644
1236955;5142222;13473151;317390;0.2405487355466178;0.023557221321129706
2367427;7974431;29256046;1189367;0.29687723174230235;0.040653716500172306
1294463;4178518;10913854;413499;0.3097899781692935;0.03788753267177662
1506486;7257413;21670652;813463;0.2075789265403526;0.03753754155620237
1808624;6996169;19899223;557018;0.25851633944234337;0.027991947223265954
1592808;6816036;13106700;741076;0.2336853854645134;0.056541768713711305
1571693;5793935;16015998;397780;0.2712652109490355;0.02483641668786422
1414487;6461672;14578418;388941;0.21890417836126624;0.026679232273350922
5781647;19702213;99630874;2128526;0.29345165439029613;0.021364120523523662
1726839;5266272;16063748;344159;0.3279053949359243;0.021424576630559692
2237396;8395174;17828759;484196;0.2665097828824036;0.027158143760875338
1670101;6507811;23286526;629724;0.2566302248175308;0.02704241929431638
1255039;6293416;13658630;350764;0.19942095040277014;0.025680760076230193
1349760;5292430;14397939;352924;0.2550359664653099;0.02451211940820141
1481957;6257791;15640798;391005;0.23681791226328908;0.024999044166416573
1562811;6665865;15079861;387062;0.23444984259357188;0.025667477969458737
1361651;5239743;14372362;384971;0.25986980659165915;0.026785506794220742
1100603;5695928;14537983;280723;0.1932262837592048;0.0193096250009372
1211913;4994933;15582052;345488;0.24262847970132934;0.02217217603945873
1538476;6118699;16966198;240494;0.2514384185265528;0.01417489056770409
1217236;4189465;12145837;301441;0.2905468836713041;0.024818462490481308
1327026;5398547;14609056;346330;0.2458116971103521;0.02370652833420585
6966643;16174058;75987149;1726863;0.43072944340869807;0.022725724319516187
1341793;5251532;18081126;239531;0.2555050602376602;0.013247570975391688
1328605;5202395;16872208;436658;0.25538333786650186;0.025880311575106233
1288266;3333758;13552893;227308;0.3864305687455418;0.016771917257813518
1267552;5006887;13363386;318713;0.2531616950811952;0.02384971892602668
1664597;6778898;25873998;801504;0.24555569356553233;0.030977199580830145
1295957;4323531;12509716;413871;0.2997450463521598;0.03308396449607649
1755293;6765181;17157276;313120;0.2594598725444301;0.018249983272402914
1310139;5771291;13549888;346102;0.22700969332511564;0.025542794154460906
1566579;6428478;18358729;427438;0.243693608347108;0.02328254859037355
1208209;5037040;14363780;178440;0.23986488096183473;0.012422913745546089
1495028;4003589;10422517;350202;0.37342194715791255;0.03360052087226147
1715963;6732128;23403892;311442;0.25489161822235107;0.013307273850007512
3586754;15511934;68926672;1547743;0.23122545518824408;0.022454921369190726
1219438;4378126;11217403;311851;0.27852967228444314;0.02780064155669543
1507097;5981419;15620405;431394;0.2519631211256058;0.027617337706672778
1642925;6610924;14199260;446640;0.24851669751459857;0.03145516033934163
1538719;5281810;14802332;388542;0.29132418621646744;0.026248701893728636
882817;6931332;8965637;484835;0.1273661397261017;0.05407702765570366
1299430;4883207;12955637;412707;0.2661017646804651;0.03185540008569243
1246183;4582560;19730669;300145;0.2719403564819664;0.015212104566753414
1490578;4558901;11528949;418099;0.3269599405646229;0.03626514437699395
1265733;4769584;13175619;313204;0.2653759740891449;0.023771482766767923
1792184;5938013;17404560;441751;0.30181543893554963;0.0253813368450567
1336249;5866184;14756370;353142;0.22778845668666375;0.023931495347433007
1751663;5389732;24449386;352003;0.32500001855379823;0.014397212265371408
3540956;18695486;55889598;1577667;0.18940165556541297;0.02822827603805631
1193204;2277306;13066176;160004;0.5239541809488931;0.01224566391880838
1482383;6004593;11696957;307034;0.24687485063517212;0.02624904921852752
1394337;5235013;13947572;338258;0.2663483357156897;0.024252106388122606
1661299;7402865;16879317;451141;0.22441298065005913;0.026727444007361198
1855611;5444372;28716519;454712;0.3408310453437054;0.01583450974681158
2056547;4545615;11843783;631295;0.4524243694197595;0.05330180399286275
1258517;4465578;19901303;407791;0.2818262271983604;0.02049066837482953
1373817;3552943;18179141;235373;0.3866701492255857;0.012947421443070385
1744932;3965421;19877693;289517;0.4400370099416935;0.01456491958095942
2570175;10329749;43265853;1221050;0.2488129188811848;0.028222025346408865
1828909;7052608;14145261;491082;0.2593237849034003;0.03471706884729805
1615960;4794231;12908402;542116;0.3370634414570345;0.04199714263624576
1307268;5345393;14121418;193532;0.244559754540031;0.013704855985425826
4636101;14984508;90154991;1412594;0.30939294102949527;0.015668505806849895
1038235;3436213;9771248;235315;0.3021451231341014;0.024082389475735343
1933136;7539411;18220578;529351;0.25640411432670274;0.0290523714450771
1327632;5052100;13503747;325797;0.26278814750301854;0.024126414690678076
1801624;6772110;19892824;527549;0.2660358440722316;0.026519563034388682
1345698;5499470;14750913;359719;0.24469594342727571;0.02438621934791426
1929140;6748028;18654264;521074;0.2858820384266337;0.027933238212989802
1048337;5118090;10028000;329653;0.20482973140370725;0.03287325488631831
997428;3871589;14282014;368494;0.2576275529246519;0.025801263043153437
1684163;6738392;17070702;472990;0.24993544453929067;0.027707706455188545
1194326;4910931;15350304;337492;0.2431974711108749;0.021986014088059756
1949149;6982274;20441810;596920;0.27915676182286747;0.02920093670765945
1353475;3309188;21317393;233242;0.40900516984831325;0.010941394193933564
1858937;6511983;16624111;420433;0.28546404374827145;0.025290555386691053
4842205;15897022;107958343;1574273;0.3045982448788207;0.014582226405605355
1668604;6221810;17683972;485822;0.2681862673402113;0.02747244793194651
1623624;6412573;14705471;405656;0.2531938427835441;0.027585379618238683
1650348;5677470;15603076;372801;0.2906837024237909;0.023892788832150787
1641813;5990246;14452837;389385;0.2740810644504416;0.026941769287234057
1309923;5268470;13878288;329502;0.24863442327658694;0.02374226561662361
2322295;9063246;34291824;814674;0.2562321490556474;0.023757091486297142
1784596;6787199;15866277;471673;0.26293556443534366;0.029728020001163473
1333539;5147233;12371361;259188;0.2590788099159296;0.020950645608029707
1421047;5001786;13896203;327122;0.28410791665217183;0.023540387255425097
1345374;5480245;16082233;397885;0.24549522877170638;0.024740656350396118
903816;7119128;18846170;454350;0.1269559979817753;0.02410834668264162
1729428;6884908;20683147;746115;0.2511911560764501;0.03607357236304514
1229892;5047240;15368673;322437;0.2436761477560013;0.020980145780966256
2076909;7749973;21946720;511442;0.26798919170428076;0.02330380120582939
1430705;5612298;16187185;358977;0.2549232061447913;0.02217661687316232
1662684;5416017;18203245;394996;0.306993866525899;0.02169920802582177
1349439;5151628;13991338;351418;0.26194418541090314;0.02511682585325292
908143;3338908;22530748;591311;0.2719880272232718;0.026244623569532624
1469014;5857140;16511415;412669;0.25080739063775154;0.024992951845738236
1393885;5495528;15589267;412353;0.2536398686350065;0.02645108329981134
7111143;12423963;124918864;2561644;0.5723731630559428;0.020506462498730376
1769846;6547215;20192600;520607;0.27032043395550626;0.025782068678624842
1500382;5728575;16694971;415347;0.26191190653871166;0.024878569720186997
862221;5524356;14314172;345483;0.1560762919695979;0.02413573065909785
1967447;7143482;18990858;557052;0.2754184863908105;0.029332639947073483
1231991;4777999;13366587;305782;0.2578466424961579;0.022876595199657176
1176591;4405698;13385947;303173;0.26706120119899274;0.02264860304616476
1425583;4990550;11587957;451072;0.2856564907675507;0.03892592973895226
1399120;3324113;17767776;243205;0.42090025218757604;0.013687982108734374
1921200;5946109;25801795;392849;0.3231020487515449;0.01522564612268255
1413835;5845368;15304879;427341;0.24187271015272263;0.02792188033632935
1922500;7431744;20570295;484092;0.25868759741993264;0.023533546796484933
1412072;5133666;14049107;338687;0.275061135648482;0.02410736853239142
5748073;21251396;85161628;2081422;0.27047978401042455;0.02444084323986855
1279964;2364978;9014101;340354;0.5412160282252098;0.03775795278974575
449165;4955427;6786895;330412;0.09064102851278003;0.04868382375150934
1228218;4930789;13625676;325637;0.2490915754050721;0.02389877757257695
1334426;5049731;14883860;229252;0.26425684853311987;0.015402724830789862
